algoritmo,tamano_matriz,hilos,iteracion,tiempo_us
mmClasicaFork,1000,1,1,1044830
mmClasicaFork,1000,1,2,1040126
mmClasicaFork,1000,1,3,1053666
mmClasicaFork,1000,1,4,1032342
mmClasicaFork,1000,1,5,1066039
mmClasicaFork,1000,1,6,1100895
mmClasicaFork,1000,1,7,1049571
mmClasicaFork,1000,1,8,1052451
mmClasicaFork,1000,1,9,1055445
mmClasicaFork,1000,1,10,1041649
mmClasicaFork,1000,1,11,1040190
mmClasicaFork,1000,1,12,1060250
mmClasicaFork,1000,1,13,1043389
mmClasicaFork,1000,1,14,1048942
mmClasicaFork,1000,1,15,1035363
mmClasicaFork,1000,1,16,1040227
mmClasicaFork,1000,1,17,1039397
mmClasicaFork,1000,1,18,1080982
mmClasicaFork,1000,1,19,1065464
mmClasicaFork,1000,1,20,1054420
mmClasicaFork,1000,1,21,1053038
mmClasicaFork,1000,1,22,1070415
mmClasicaFork,1000,1,23,1077068
mmClasicaFork,1000,1,24,1091783
mmClasicaFork,1000,1,25,1055931
mmClasicaFork,1000,1,26,1043939
mmClasicaFork,1000,1,27,1063696
mmClasicaFork,1000,1,28,1065119
mmClasicaFork,1000,1,29,1068035
mmClasicaFork,1000,1,30,1069397
mmClasicaFork,1000,2,1,590153
mmClasicaFork,1000,2,2,558444
mmClasicaFork,1000,2,3,548882
mmClasicaFork,1000,2,4,568302
mmClasicaFork,1000,2,5,568330
mmClasicaFork,1000,2,6,545948
mmClasicaFork,1000,2,7,545959
mmClasicaFork,1000,2,8,544319
mmClasicaFork,1000,2,9,547936
mmClasicaFork,1000,2,10,552503
mmClasicaFork,1000,2,11,584007
mmClasicaFork,1000,2,12,572155
mmClasicaFork,1000,2,13,553408
mmClasicaFork,1000,2,14,548032
mmClasicaFork,1000,2,15,546694
mmClasicaFork,1000,2,16,552225
mmClasicaFork,1000,2,17,545676
mmClasicaFork,1000,2,18,559106
mmClasicaFork,1000,2,19,562094
mmClasicaFork,1000,2,20,549022
mmClasicaFork,1000,2,21,554065
mmClasicaFork,1000,2,22,550295
mmClasicaFork,1000,2,23,557048
mmClasicaFork,1000,2,24,551833
mmClasicaFork,1000,2,25,551150
mmClasicaFork,1000,2,26,554937
mmClasicaFork,1000,2,27,561547
mmClasicaFork,1000,2,28,555387
mmClasicaFork,1000,2,29,552086
mmClasicaFork,1000,2,30,556998
mmClasicaFork,1000,3,1,386175
mmClasicaFork,1000,3,2,384903
mmClasicaFork,1000,3,3,387651
mmClasicaFork,1000,3,4,385926
mmClasicaFork,1000,3,5,384416
mmClasicaFork,1000,3,6,386622
mmClasicaFork,1000,3,7,379956
mmClasicaFork,1000,3,8,381171
mmClasicaFork,1000,3,9,390597
mmClasicaFork,1000,3,10,377596
mmClasicaFork,1000,3,11,390305
mmClasicaFork,1000,3,12,388953
mmClasicaFork,1000,3,13,384716
mmClasicaFork,1000,3,14,378172
mmClasicaFork,1000,3,15,391746
mmClasicaFork,1000,3,16,375687
mmClasicaFork,1000,3,17,383105
mmClasicaFork,1000,3,18,389305
mmClasicaFork,1000,3,19,389604
mmClasicaFork,1000,3,20,385471
mmClasicaFork,1000,3,21,388479
mmClasicaFork,1000,3,22,387656
mmClasicaFork,1000,3,23,387024
mmClasicaFork,1000,3,24,380964
mmClasicaFork,1000,3,25,379717
mmClasicaFork,1000,3,26,388142
mmClasicaFork,1000,3,27,387227
mmClasicaFork,1000,3,28,393537
mmClasicaFork,1000,3,29,391828
mmClasicaFork,1000,3,30,383901
mmClasicaFork,1000,4,1,290469
mmClasicaFork,1000,4,2,292741
mmClasicaFork,1000,4,3,292218
mmClasicaFork,1000,4,4,289639
mmClasicaFork,1000,4,5,291812
mmClasicaFork,1000,4,6,290889
mmClasicaFork,1000,4,7,293439
mmClasicaFork,1000,4,8,290427
mmClasicaFork,1000,4,9,292654
mmClasicaFork,1000,4,10,287611
mmClasicaFork,1000,4,11,291152
mmClasicaFork,1000,4,12,288260
mmClasicaFork,1000,4,13,289711
mmClasicaFork,1000,4,14,290269
mmClasicaFork,1000,4,15,289366
mmClasicaFork,1000,4,16,293402
mmClasicaFork,1000,4,17,293280
mmClasicaFork,1000,4,18,287479
mmClasicaFork,1000,4,19,290292
mmClasicaFork,1000,4,20,289926
mmClasicaFork,1000,4,21,293990
mmClasicaFork,1000,4,22,291171
mmClasicaFork,1000,4,23,289965
mmClasicaFork,1000,4,24,291289
mmClasicaFork,1000,4,25,289783
mmClasicaFork,1000,4,26,290193
mmClasicaFork,1000,4,27,292948
mmClasicaFork,1000,4,28,290091
mmClasicaFork,1000,4,29,289381
mmClasicaFork,1000,4,30,291199
mmClasicaFork,1000,5,1,232973
mmClasicaFork,1000,5,2,231357
mmClasicaFork,1000,5,3,234651
mmClasicaFork,1000,5,4,232798
mmClasicaFork,1000,5,5,232993
mmClasicaFork,1000,5,6,232540
mmClasicaFork,1000,5,7,232772
mmClasicaFork,1000,5,8,229752
mmClasicaFork,1000,5,9,232811
mmClasicaFork,1000,5,10,236808
mmClasicaFork,1000,5,11,232291
mmClasicaFork,1000,5,12,230674
mmClasicaFork,1000,5,13,234575
mmClasicaFork,1000,5,14,234293
mmClasicaFork,1000,5,15,233000
mmClasicaFork,1000,5,16,233566
mmClasicaFork,1000,5,17,230855
mmClasicaFork,1000,5,18,232706
mmClasicaFork,1000,5,19,240257
mmClasicaFork,1000,5,20,233305
mmClasicaFork,1000,5,21,232678
mmClasicaFork,1000,5,22,235718
mmClasicaFork,1000,5,23,234005
mmClasicaFork,1000,5,24,233690
mmClasicaFork,1000,5,25,235091
mmClasicaFork,1000,5,26,233062
mmClasicaFork,1000,5,27,234022
mmClasicaFork,1000,5,28,233676
mmClasicaFork,1000,5,29,232997
mmClasicaFork,1000,5,30,231089
mmClasicaFork,1000,6,1,196979
mmClasicaFork,1000,6,2,195431
mmClasicaFork,1000,6,3,196179
mmClasicaFork,1000,6,4,198819
mmClasicaFork,1000,6,5,198319
mmClasicaFork,1000,6,6,198009
mmClasicaFork,1000,6,7,199123
mmClasicaFork,1000,6,8,197028
mmClasicaFork,1000,6,9,199101
mmClasicaFork,1000,6,10,201450
mmClasicaFork,1000,6,11,198316
mmClasicaFork,1000,6,12,198718
mmClasicaFork,1000,6,13,198165
mmClasicaFork,1000,6,14,197993
mmClasicaFork,1000,6,15,199872
mmClasicaFork,1000,6,16,198013
mmClasicaFork,1000,6,17,200583
mmClasicaFork,1000,6,18,193696
mmClasicaFork,1000,6,19,196065
mmClasicaFork,1000,6,20,198634
mmClasicaFork,1000,6,21,200147
mmClasicaFork,1000,6,22,198353
mmClasicaFork,1000,6,23,200801
mmClasicaFork,1000,6,24,197011
mmClasicaFork,1000,6,25,197612
mmClasicaFork,1000,6,26,199670
mmClasicaFork,1000,6,27,200379
mmClasicaFork,1000,6,28,193937
mmClasicaFork,1000,6,29,198497
mmClasicaFork,1000,6,30,198220
mmClasicaFork,1000,7,1,174961
mmClasicaFork,1000,7,2,172490
mmClasicaFork,1000,7,3,174123
mmClasicaFork,1000,7,4,172923
mmClasicaFork,1000,7,5,171370
mmClasicaFork,1000,7,6,172965
mmClasicaFork,1000,7,7,173161
mmClasicaFork,1000,7,8,175339
mmClasicaFork,1000,7,9,174586
mmClasicaFork,1000,7,10,175640
mmClasicaFork,1000,7,11,176099
mmClasicaFork,1000,7,12,174057
mmClasicaFork,1000,7,13,172679
mmClasicaFork,1000,7,14,174976
mmClasicaFork,1000,7,15,175612
mmClasicaFork,1000,7,16,175051
mmClasicaFork,1000,7,17,172558
mmClasicaFork,1000,7,18,172330
mmClasicaFork,1000,7,19,173020
mmClasicaFork,1000,7,20,171550
mmClasicaFork,1000,7,21,174382
mmClasicaFork,1000,7,22,175352
mmClasicaFork,1000,7,23,173614
mmClasicaFork,1000,7,24,172747
mmClasicaFork,1000,7,25,173200
mmClasicaFork,1000,7,26,172258
mmClasicaFork,1000,7,27,172355
mmClasicaFork,1000,7,28,174090
mmClasicaFork,1000,7,29,171799
mmClasicaFork,1000,7,30,172845
mmClasicaFork,1500,1,1,4584550
mmClasicaFork,1500,1,2,4480950
mmClasicaFork,1500,1,3,4464485
mmClasicaFork,1500,1,4,4470271
mmClasicaFork,1500,1,5,4472462
mmClasicaFork,1500,1,6,4418307
mmClasicaFork,1500,1,7,4421197
mmClasicaFork,1500,1,8,4417008
mmClasicaFork,1500,1,9,4391172
mmClasicaFork,1500,1,10,4405284
mmClasicaFork,1500,1,11,4392852
mmClasicaFork,1500,1,12,4387413
mmClasicaFork,1500,1,13,4389235
mmClasicaFork,1500,1,14,4369906
mmClasicaFork,1500,1,15,4364838
mmClasicaFork,1500,1,16,4375304
mmClasicaFork,1500,1,17,4427882
mmClasicaFork,1500,1,18,4397057
mmClasicaFork,1500,1,19,4440464
mmClasicaFork,1500,1,20,4351252
mmClasicaFork,1500,1,21,4357778
mmClasicaFork,1500,1,22,4367772
mmClasicaFork,1500,1,23,4425671
mmClasicaFork,1500,1,24,4437860
mmClasicaFork,1500,1,25,4365134
mmClasicaFork,1500,1,26,4384161
mmClasicaFork,1500,1,27,4362018
mmClasicaFork,1500,1,28,4360882
mmClasicaFork,1500,1,29,4372209
mmClasicaFork,1500,1,30,4408329
mmClasicaFork,1500,2,1,2316410
mmClasicaFork,1500,2,2,2285897
mmClasicaFork,1500,2,3,2288623
mmClasicaFork,1500,2,4,2292290
mmClasicaFork,1500,2,5,2292727
mmClasicaFork,1500,2,6,2315919
mmClasicaFork,1500,2,7,2404504
mmClasicaFork,1500,2,8,2318838
mmClasicaFork,1500,2,9,2315702
mmClasicaFork,1500,2,10,2305744
mmClasicaFork,1500,2,11,2350163
mmClasicaFork,1500,2,12,2344526
mmClasicaFork,1500,2,13,2346274
mmClasicaFork,1500,2,14,2326776
mmClasicaFork,1500,2,15,2443495
mmClasicaFork,1500,2,16,2359239
mmClasicaFork,1500,2,17,2327797
mmClasicaFork,1500,2,18,2314350
mmClasicaFork,1500,2,19,2397402
mmClasicaFork,1500,2,20,2306162
mmClasicaFork,1500,2,21,2320005
mmClasicaFork,1500,2,22,2333576
mmClasicaFork,1500,2,23,2330506
mmClasicaFork,1500,2,24,2314980
mmClasicaFork,1500,2,25,2309789
mmClasicaFork,1500,2,26,2333969
mmClasicaFork,1500,2,27,2403544
mmClasicaFork,1500,2,28,2477846
mmClasicaFork,1500,2,29,2369029
mmClasicaFork,1500,2,30,2299939
mmClasicaFork,1500,3,1,1565215
mmClasicaFork,1500,3,2,1568988
mmClasicaFork,1500,3,3,1554395
mmClasicaFork,1500,3,4,1557849
mmClasicaFork,1500,3,5,1559526
mmClasicaFork,1500,3,6,1609179
mmClasicaFork,1500,3,7,1596553
mmClasicaFork,1500,3,8,1567329
mmClasicaFork,1500,3,9,1560926
mmClasicaFork,1500,3,10,1571967
mmClasicaFork,1500,3,11,1561103
mmClasicaFork,1500,3,12,1567274
mmClasicaFork,1500,3,13,1609832
mmClasicaFork,1500,3,14,1565839
mmClasicaFork,1500,3,15,1574153
mmClasicaFork,1500,3,16,1561962
mmClasicaFork,1500,3,17,1562305
mmClasicaFork,1500,3,18,1597847
mmClasicaFork,1500,3,19,1608638
mmClasicaFork,1500,3,20,1590989
mmClasicaFork,1500,3,21,1586255
mmClasicaFork,1500,3,22,1583093
mmClasicaFork,1500,3,23,1579246
mmClasicaFork,1500,3,24,1575592
mmClasicaFork,1500,3,25,1573810
mmClasicaFork,1500,3,26,1578475
mmClasicaFork,1500,3,27,1564907
mmClasicaFork,1500,3,28,1569386
mmClasicaFork,1500,3,29,1574039
mmClasicaFork,1500,3,30,1573758
mmClasicaFork,1500,4,1,1182414
mmClasicaFork,1500,4,2,1174966
mmClasicaFork,1500,4,3,1181731
mmClasicaFork,1500,4,4,1177915
mmClasicaFork,1500,4,5,1176142
mmClasicaFork,1500,4,6,1175677
mmClasicaFork,1500,4,7,1181700
mmClasicaFork,1500,4,8,1199469
mmClasicaFork,1500,4,9,1191680
mmClasicaFork,1500,4,10,1190376
mmClasicaFork,1500,4,11,1181761
mmClasicaFork,1500,4,12,1187764
mmClasicaFork,1500,4,13,1196028
mmClasicaFork,1500,4,14,1185015
mmClasicaFork,1500,4,15,1185910
mmClasicaFork,1500,4,16,1189502
mmClasicaFork,1500,4,17,1193178
mmClasicaFork,1500,4,18,1183767
mmClasicaFork,1500,4,19,1183759
mmClasicaFork,1500,4,20,1184986
mmClasicaFork,1500,4,21,1195271
mmClasicaFork,1500,4,22,1194639
mmClasicaFork,1500,4,23,1183489
mmClasicaFork,1500,4,24,1184743
mmClasicaFork,1500,4,25,1185680
mmClasicaFork,1500,4,26,1190721
mmClasicaFork,1500,4,27,1188946
mmClasicaFork,1500,4,28,1192853
mmClasicaFork,1500,4,29,1189298
mmClasicaFork,1500,4,30,1189039
mmClasicaFork,1500,5,1,954875
mmClasicaFork,1500,5,2,956482
mmClasicaFork,1500,5,3,953328
mmClasicaFork,1500,5,4,955473
mmClasicaFork,1500,5,5,950529
mmClasicaFork,1500,5,6,957572
mmClasicaFork,1500,5,7,955757
mmClasicaFork,1500,5,8,943744
mmClasicaFork,1500,5,9,951168
mmClasicaFork,1500,5,10,957959
mmClasicaFork,1500,5,11,955956
mmClasicaFork,1500,5,12,949408
mmClasicaFork,1500,5,13,953038
mmClasicaFork,1500,5,14,948815
mmClasicaFork,1500,5,15,947691
mmClasicaFork,1500,5,16,958497
mmClasicaFork,1500,5,17,950739
mmClasicaFork,1500,5,18,954252
mmClasicaFork,1500,5,19,944283
mmClasicaFork,1500,5,20,965196
mmClasicaFork,1500,5,21,947383
mmClasicaFork,1500,5,22,956505
mmClasicaFork,1500,5,23,946244
mmClasicaFork,1500,5,24,950083
mmClasicaFork,1500,5,25,952284
mmClasicaFork,1500,5,26,957858
mmClasicaFork,1500,5,27,952005
mmClasicaFork,1500,5,28,943049
mmClasicaFork,1500,5,29,953773
mmClasicaFork,1500,5,30,947713
mmClasicaFork,1500,6,1,786895
mmClasicaFork,1500,6,2,792967
mmClasicaFork,1500,6,3,793491
mmClasicaFork,1500,6,4,792580
mmClasicaFork,1500,6,5,792622
mmClasicaFork,1500,6,6,791556
mmClasicaFork,1500,6,7,788994
mmClasicaFork,1500,6,8,788358
mmClasicaFork,1500,6,9,793044
mmClasicaFork,1500,6,10,789976
mmClasicaFork,1500,6,11,790799
mmClasicaFork,1500,6,12,785501
mmClasicaFork,1500,6,13,785988
mmClasicaFork,1500,6,14,784855
mmClasicaFork,1500,6,15,794272
mmClasicaFork,1500,6,16,788082
mmClasicaFork,1500,6,17,789119
mmClasicaFork,1500,6,18,790503
mmClasicaFork,1500,6,19,791000
mmClasicaFork,1500,6,20,790223
mmClasicaFork,1500,6,21,792553
mmClasicaFork,1500,6,22,787876
mmClasicaFork,1500,6,23,790436
mmClasicaFork,1500,6,24,783604
mmClasicaFork,1500,6,25,786347
mmClasicaFork,1500,6,26,785803
mmClasicaFork,1500,6,27,790016
mmClasicaFork,1500,6,28,787533
mmClasicaFork,1500,6,29,785441
mmClasicaFork,1500,6,30,790930
mmClasicaFork,1500,7,1,683422
mmClasicaFork,1500,7,2,687798
mmClasicaFork,1500,7,3,676519
mmClasicaFork,1500,7,4,678801
mmClasicaFork,1500,7,5,686391
mmClasicaFork,1500,7,6,677586
mmClasicaFork,1500,7,7,679545
mmClasicaFork,1500,7,8,675489
mmClasicaFork,1500,7,9,681118
mmClasicaFork,1500,7,10,678861
mmClasicaFork,1500,7,11,678654
mmClasicaFork,1500,7,12,681877
mmClasicaFork,1500,7,13,680608
mmClasicaFork,1500,7,14,681100
mmClasicaFork,1500,7,15,686198
mmClasicaFork,1500,7,16,677906
mmClasicaFork,1500,7,17,680910
mmClasicaFork,1500,7,18,686377
mmClasicaFork,1500,7,19,679992
mmClasicaFork,1500,7,20,677331
mmClasicaFork,1500,7,21,679162
mmClasicaFork,1500,7,22,682100
mmClasicaFork,1500,7,23,678049
mmClasicaFork,1500,7,24,679283
mmClasicaFork,1500,7,25,677553
mmClasicaFork,1500,7,26,680665
mmClasicaFork,1500,7,27,682777
mmClasicaFork,1500,7,28,676598
mmClasicaFork,1500,7,29,677556
mmClasicaFork,1500,7,30,679120
mmClasicaFork,2000,1,1,17410749
mmClasicaFork,2000,1,2,17519861
mmClasicaFork,2000,1,3,17464292
mmClasicaFork,2000,1,4,17368431
mmClasicaFork,2000,1,5,16325934
mmClasicaFork,2000,1,6,16147142
mmClasicaFork,2000,1,7,16896729
mmClasicaFork,2000,1,8,17160103
mmClasicaFork,2000,1,9,16917770
mmClasicaFork,2000,1,10,16773647
mmClasicaFork,2000,1,11,17071616
mmClasicaFork,2000,1,12,17045222
mmClasicaFork,2000,1,13,16046971
mmClasicaFork,2000,1,14,15875147
mmClasicaFork,2000,1,15,16605380
mmClasicaFork,2000,1,16,16154836
mmClasicaFork,2000,1,17,16017728
mmClasicaFork,2000,1,18,16614424
mmClasicaFork,2000,1,19,16223966
mmClasicaFork,2000,1,20,16026539
mmClasicaFork,2000,1,21,16049171
mmClasicaFork,2000,1,22,16242834
mmClasicaFork,2000,1,23,16051845
mmClasicaFork,2000,1,24,16133987
mmClasicaFork,2000,1,25,15945491
mmClasicaFork,2000,1,26,15739050
mmClasicaFork,2000,1,27,15880630
mmClasicaFork,2000,1,28,15906840
mmClasicaFork,2000,1,29,16842025
mmClasicaFork,2000,1,30,16460425
mmClasicaFork,2000,2,1,8305877
mmClasicaFork,2000,2,2,8738985
mmClasicaFork,2000,2,3,8406254
mmClasicaFork,2000,2,4,8361646
mmClasicaFork,2000,2,5,8336485
mmClasicaFork,2000,2,6,8831597
mmClasicaFork,2000,2,7,8397430
mmClasicaFork,2000,2,8,8366025
mmClasicaFork,2000,2,9,8501537
mmClasicaFork,2000,2,10,8311318
mmClasicaFork,2000,2,11,8409531
mmClasicaFork,2000,2,12,8310953
mmClasicaFork,2000,2,13,8483461
mmClasicaFork,2000,2,14,8752156
mmClasicaFork,2000,2,15,8421077
mmClasicaFork,2000,2,16,8616118
mmClasicaFork,2000,2,17,8637133
mmClasicaFork,2000,2,18,8705623
mmClasicaFork,2000,2,19,8541252
mmClasicaFork,2000,2,20,8682256
mmClasicaFork,2000,2,21,8375919
mmClasicaFork,2000,2,22,8712671
mmClasicaFork,2000,2,23,8555165
mmClasicaFork,2000,2,24,8429518
mmClasicaFork,2000,2,25,8384676
mmClasicaFork,2000,2,26,8485456
mmClasicaFork,2000,2,27,8425027
mmClasicaFork,2000,2,28,8835913
mmClasicaFork,2000,2,29,8861493
mmClasicaFork,2000,2,30,8856228
mmClasicaFork,2000,3,1,5924791
mmClasicaFork,2000,3,2,5935149
mmClasicaFork,2000,3,3,5751027
mmClasicaFork,2000,3,4,5658262
mmClasicaFork,2000,3,5,5625142
mmClasicaFork,2000,3,6,5632304
mmClasicaFork,2000,3,7,5648478
mmClasicaFork,2000,3,8,5699630
mmClasicaFork,2000,3,9,5750268
mmClasicaFork,2000,3,10,5720362
mmClasicaFork,2000,3,11,5706769
mmClasicaFork,2000,3,12,5713365
mmClasicaFork,2000,3,13,5693722
mmClasicaFork,2000,3,14,5624186
mmClasicaFork,2000,3,15,5679510
mmClasicaFork,2000,3,16,5684235
mmClasicaFork,2000,3,17,5727990
mmClasicaFork,2000,3,18,5651031
mmClasicaFork,2000,3,19,5644592
mmClasicaFork,2000,3,20,5771091
mmClasicaFork,2000,3,21,5968355
mmClasicaFork,2000,3,22,5705407
mmClasicaFork,2000,3,23,5669959
mmClasicaFork,2000,3,24,5697179
mmClasicaFork,2000,3,25,5914874
mmClasicaFork,2000,3,26,5927849
mmClasicaFork,2000,3,27,5975435
mmClasicaFork,2000,3,28,5950762
mmClasicaFork,2000,3,29,5970286
mmClasicaFork,2000,3,30,5732615
mmClasicaFork,2000,4,1,4281012
mmClasicaFork,2000,4,2,4264876
mmClasicaFork,2000,4,3,4284527
mmClasicaFork,2000,4,4,4251394
mmClasicaFork,2000,4,5,4400941
mmClasicaFork,2000,4,6,4288562
mmClasicaFork,2000,4,7,4277890
mmClasicaFork,2000,4,8,4319749
mmClasicaFork,2000,4,9,4256955
mmClasicaFork,2000,4,10,4425145
mmClasicaFork,2000,4,11,4414095
mmClasicaFork,2000,4,12,4447324
mmClasicaFork,2000,4,13,4476633
mmClasicaFork,2000,4,14,4338597
mmClasicaFork,2000,4,15,4326590
mmClasicaFork,2000,4,16,4344776
mmClasicaFork,2000,4,17,4233845
mmClasicaFork,2000,4,18,4245621
mmClasicaFork,2000,4,19,4264938
mmClasicaFork,2000,4,20,4235642
mmClasicaFork,2000,4,21,4331475
mmClasicaFork,2000,4,22,4443026
mmClasicaFork,2000,4,23,4409454
mmClasicaFork,2000,4,24,4298779
mmClasicaFork,2000,4,25,4289623
mmClasicaFork,2000,4,26,4288222
mmClasicaFork,2000,4,27,4316301
mmClasicaFork,2000,4,28,4238888
mmClasicaFork,2000,4,29,4422741
mmClasicaFork,2000,4,30,4307547
mmClasicaFork,2000,5,1,3353429
mmClasicaFork,2000,5,2,3384418
mmClasicaFork,2000,5,3,3418340
mmClasicaFork,2000,5,4,3447459
mmClasicaFork,2000,5,5,3423071
mmClasicaFork,2000,5,6,3409077
mmClasicaFork,2000,5,7,3429709
mmClasicaFork,2000,5,8,3419932
mmClasicaFork,2000,5,9,3532971
mmClasicaFork,2000,5,10,3505853
mmClasicaFork,2000,5,11,3504731
mmClasicaFork,2000,5,12,3482812
mmClasicaFork,2000,5,13,3432595
mmClasicaFork,2000,5,14,3485928
mmClasicaFork,2000,5,15,3500383
mmClasicaFork,2000,5,16,3512644
mmClasicaFork,2000,5,17,3491071
mmClasicaFork,2000,5,18,3512153
mmClasicaFork,2000,5,19,3538210
mmClasicaFork,2000,5,20,3560970
mmClasicaFork,2000,5,21,3501015
mmClasicaFork,2000,5,22,3529910
mmClasicaFork,2000,5,23,3535377
mmClasicaFork,2000,5,24,3440450
mmClasicaFork,2000,5,25,3509040
mmClasicaFork,2000,5,26,3449934
mmClasicaFork,2000,5,27,3446052
mmClasicaFork,2000,5,28,3429296
mmClasicaFork,2000,5,29,3457198
mmClasicaFork,2000,5,30,3554117
mmClasicaFork,2000,6,1,2958437
mmClasicaFork,2000,6,2,2937309
mmClasicaFork,2000,6,3,2921287
mmClasicaFork,2000,6,4,2984093
mmClasicaFork,2000,6,5,2930919
mmClasicaFork,2000,6,6,2969390
mmClasicaFork,2000,6,7,3028475
mmClasicaFork,2000,6,8,3023401
mmClasicaFork,2000,6,9,3050166
mmClasicaFork,2000,6,10,3007285
mmClasicaFork,2000,6,11,3011186
mmClasicaFork,2000,6,12,3026019
mmClasicaFork,2000,6,13,3064705
mmClasicaFork,2000,6,14,3117086
mmClasicaFork,2000,6,15,3114079
mmClasicaFork,2000,6,16,3112606
mmClasicaFork,2000,6,17,3151857
mmClasicaFork,2000,6,18,3127757
mmClasicaFork,2000,6,19,3129108
mmClasicaFork,2000,6,20,3113684
mmClasicaFork,2000,6,21,3123043
mmClasicaFork,2000,6,22,3159346
mmClasicaFork,2000,6,23,3195371
mmClasicaFork,2000,6,24,3204662
mmClasicaFork,2000,6,25,3113980
mmClasicaFork,2000,6,26,3165604
mmClasicaFork,2000,6,27,3158086
mmClasicaFork,2000,6,28,3169078
mmClasicaFork,2000,6,29,3135969
mmClasicaFork,2000,6,30,3101834
mmClasicaFork,2000,7,1,2791752
mmClasicaFork,2000,7,2,2799831
mmClasicaFork,2000,7,3,2805844
mmClasicaFork,2000,7,4,2806488
mmClasicaFork,2000,7,5,2812920
mmClasicaFork,2000,7,6,2758347
mmClasicaFork,2000,7,7,2787207
mmClasicaFork,2000,7,8,2763391
mmClasicaFork,2000,7,9,2820322
mmClasicaFork,2000,7,10,2791818
mmClasicaFork,2000,7,11,2744938
mmClasicaFork,2000,7,12,2717035
mmClasicaFork,2000,7,13,2740691
mmClasicaFork,2000,7,14,2720711
mmClasicaFork,2000,7,15,2656981
mmClasicaFork,2000,7,16,2671986
mmClasicaFork,2000,7,17,2676715
mmClasicaFork,2000,7,18,2631511
mmClasicaFork,2000,7,19,2669115
mmClasicaFork,2000,7,20,2685581
mmClasicaFork,2000,7,21,2658075
mmClasicaFork,2000,7,22,2689180
mmClasicaFork,2000,7,23,2630059
mmClasicaFork,2000,7,24,2658067
mmClasicaFork,2000,7,25,2683970
mmClasicaFork,2000,7,26,2620777
mmClasicaFork,2000,7,27,2689760
mmClasicaFork,2000,7,28,2634661
mmClasicaFork,2000,7,29,2597518
mmClasicaFork,2000,7,30,2659718
mmClasicaFork,500,1,1,139187
mmClasicaFork,500,1,2,116817
mmClasicaFork,500,1,3,114824
mmClasicaFork,500,1,4,114827
mmClasicaFork,500,1,5,114569
mmClasicaFork,500,1,6,115906
mmClasicaFork,500,1,7,115134
mmClasicaFork,500,1,8,114595
mmClasicaFork,500,1,9,115187
mmClasicaFork,500,1,10,113416
mmClasicaFork,500,1,11,114524
mmClasicaFork,500,1,12,115257
mmClasicaFork,500,1,13,116151
mmClasicaFork,500,1,14,114580
mmClasicaFork,500,1,15,114283
mmClasicaFork,500,1,16,114678
mmClasicaFork,500,1,17,115140
mmClasicaFork,500,1,18,115506
mmClasicaFork,500,1,19,114435
mmClasicaFork,500,1,20,115584
mmClasicaFork,500,1,21,116032
mmClasicaFork,500,1,22,115994
mmClasicaFork,500,1,23,115843
mmClasicaFork,500,1,24,114339
mmClasicaFork,500,1,25,115850
mmClasicaFork,500,1,26,120419
mmClasicaFork,500,1,27,114551
mmClasicaFork,500,1,28,114745
mmClasicaFork,500,1,29,115877
mmClasicaFork,500,1,30,117415
mmClasicaFork,500,2,1,59311
mmClasicaFork,500,2,2,59641
mmClasicaFork,500,2,3,59147
mmClasicaFork,500,2,4,59812
mmClasicaFork,500,2,5,59005
mmClasicaFork,500,2,6,59363
mmClasicaFork,500,2,7,59135
mmClasicaFork,500,2,8,59548
mmClasicaFork,500,2,9,59471
mmClasicaFork,500,2,10,60205
mmClasicaFork,500,2,11,59534
mmClasicaFork,500,2,12,59425
mmClasicaFork,500,2,13,59186
mmClasicaFork,500,2,14,59603
mmClasicaFork,500,2,15,59718
mmClasicaFork,500,2,16,59638
mmClasicaFork,500,2,17,59279
mmClasicaFork,500,2,18,59003
mmClasicaFork,500,2,19,59967
mmClasicaFork,500,2,20,58629
mmClasicaFork,500,2,21,59579
mmClasicaFork,500,2,22,60124
mmClasicaFork,500,2,23,60017
mmClasicaFork,500,2,24,59155
mmClasicaFork,500,2,25,59436
mmClasicaFork,500,2,26,59399
mmClasicaFork,500,2,27,59895
mmClasicaFork,500,2,28,58673
mmClasicaFork,500,2,29,60761
mmClasicaFork,500,2,30,60546
mmClasicaFork,500,3,1,43628
mmClasicaFork,500,3,2,43934
mmClasicaFork,500,3,3,43911
mmClasicaFork,500,3,4,43876
mmClasicaFork,500,3,5,43336
mmClasicaFork,500,3,6,42575
mmClasicaFork,500,3,7,43111
mmClasicaFork,500,3,8,42736
mmClasicaFork,500,3,9,44064
mmClasicaFork,500,3,10,42924
mmClasicaFork,500,3,11,43309
mmClasicaFork,500,3,12,43701
mmClasicaFork,500,3,13,43158
mmClasicaFork,500,3,14,45009
mmClasicaFork,500,3,15,43939
mmClasicaFork,500,3,16,43618
mmClasicaFork,500,3,17,43763
mmClasicaFork,500,3,18,44255
mmClasicaFork,500,3,19,43670
mmClasicaFork,500,3,20,43788
mmClasicaFork,500,3,21,43671
mmClasicaFork,500,3,22,44385
mmClasicaFork,500,3,23,44195
mmClasicaFork,500,3,24,43932
mmClasicaFork,500,3,25,43663
mmClasicaFork,500,3,26,43589
mmClasicaFork,500,3,27,44023
mmClasicaFork,500,3,28,43829
mmClasicaFork,500,3,29,44015
mmClasicaFork,500,3,30,43935
mmClasicaFork,500,4,1,32941
mmClasicaFork,500,4,2,32923
mmClasicaFork,500,4,3,32951
mmClasicaFork,500,4,4,32565
mmClasicaFork,500,4,5,32716
mmClasicaFork,500,4,6,32705
mmClasicaFork,500,4,7,31740
mmClasicaFork,500,4,8,32077
mmClasicaFork,500,4,9,32587
mmClasicaFork,500,4,10,32097
mmClasicaFork,500,4,11,32921
mmClasicaFork,500,4,12,33300
mmClasicaFork,500,4,13,32426
mmClasicaFork,500,4,14,33731
mmClasicaFork,500,4,15,32214
mmClasicaFork,500,4,16,32433
mmClasicaFork,500,4,17,32469
mmClasicaFork,500,4,18,34931
mmClasicaFork,500,4,19,40470
mmClasicaFork,500,4,20,35773
mmClasicaFork,500,4,21,32281
mmClasicaFork,500,4,22,33108
mmClasicaFork,500,4,23,32839
mmClasicaFork,500,4,24,33067
mmClasicaFork,500,4,25,32468
mmClasicaFork,500,4,26,32981
mmClasicaFork,500,4,27,32127
mmClasicaFork,500,4,28,34667
mmClasicaFork,500,4,29,33427
mmClasicaFork,500,4,30,32176
mmClasicaFork,500,5,1,27113
mmClasicaFork,500,5,2,26742
mmClasicaFork,500,5,3,26828
mmClasicaFork,500,5,4,26434
mmClasicaFork,500,5,5,27136
mmClasicaFork,500,5,6,26588
mmClasicaFork,500,5,7,26755
mmClasicaFork,500,5,8,26274
mmClasicaFork,500,5,9,26309
mmClasicaFork,500,5,10,26441
mmClasicaFork,500,5,11,26215
mmClasicaFork,500,5,12,26542
mmClasicaFork,500,5,13,26578
mmClasicaFork,500,5,14,27642
mmClasicaFork,500,5,15,28012
mmClasicaFork,500,5,16,26393
mmClasicaFork,500,5,17,26639
mmClasicaFork,500,5,18,26560
mmClasicaFork,500,5,19,26606
mmClasicaFork,500,5,20,26561
mmClasicaFork,500,5,21,27099
mmClasicaFork,500,5,22,26297
mmClasicaFork,500,5,23,26598
mmClasicaFork,500,5,24,26549
mmClasicaFork,500,5,25,26685
mmClasicaFork,500,5,26,26387
mmClasicaFork,500,5,27,26592
mmClasicaFork,500,5,28,26378
mmClasicaFork,500,5,29,26290
mmClasicaFork,500,5,30,26361
mmClasicaFork,500,6,1,22773
mmClasicaFork,500,6,2,22366
mmClasicaFork,500,6,3,22533
mmClasicaFork,500,6,4,22397
mmClasicaFork,500,6,5,22850
mmClasicaFork,500,6,6,22732
mmClasicaFork,500,6,7,23851
mmClasicaFork,500,6,8,22725
mmClasicaFork,500,6,9,23088
mmClasicaFork,500,6,10,22597
mmClasicaFork,500,6,11,22565
mmClasicaFork,500,6,12,22565
mmClasicaFork,500,6,13,22692
mmClasicaFork,500,6,14,22353
mmClasicaFork,500,6,15,22458
mmClasicaFork,500,6,16,22300
mmClasicaFork,500,6,17,22334
mmClasicaFork,500,6,18,23461
mmClasicaFork,500,6,19,22168
mmClasicaFork,500,6,20,22516
mmClasicaFork,500,6,21,22812
mmClasicaFork,500,6,22,22576
mmClasicaFork,500,6,23,22316
mmClasicaFork,500,6,24,23102
mmClasicaFork,500,6,25,22638
mmClasicaFork,500,6,26,22667
mmClasicaFork,500,6,27,22840
mmClasicaFork,500,6,28,22678
mmClasicaFork,500,6,29,22271
mmClasicaFork,500,6,30,22537
mmClasicaFork,500,7,1,20380
mmClasicaFork,500,7,2,20073
mmClasicaFork,500,7,3,20112
mmClasicaFork,500,7,4,22274
mmClasicaFork,500,7,5,20000
mmClasicaFork,500,7,6,20112
mmClasicaFork,500,7,7,20174
mmClasicaFork,500,7,8,20001
mmClasicaFork,500,7,9,19957
mmClasicaFork,500,7,10,20114
mmClasicaFork,500,7,11,19889
mmClasicaFork,500,7,12,20134
mmClasicaFork,500,7,13,20159
mmClasicaFork,500,7,14,19967
mmClasicaFork,500,7,15,20216
mmClasicaFork,500,7,16,20364
mmClasicaFork,500,7,17,19991
mmClasicaFork,500,7,18,20653
mmClasicaFork,500,7,19,19906
mmClasicaFork,500,7,20,21161
mmClasicaFork,500,7,21,20028
mmClasicaFork,500,7,22,20105
mmClasicaFork,500,7,23,19655
mmClasicaFork,500,7,24,20225
mmClasicaFork,500,7,25,19941
mmClasicaFork,500,7,26,19973
mmClasicaFork,500,7,27,20257
mmClasicaFork,500,7,28,19977
mmClasicaFork,500,7,29,20103
mmClasicaFork,500,7,30,20134
mmClasicaOpenMP,1000,1,1,701624
mmClasicaOpenMP,1000,1,2,694984
mmClasicaOpenMP,1000,1,3,697455
mmClasicaOpenMP,1000,1,4,694923
mmClasicaOpenMP,1000,1,5,695299
mmClasicaOpenMP,1000,1,6,698371
mmClasicaOpenMP,1000,1,7,696824
mmClasicaOpenMP,1000,1,8,694239
mmClasicaOpenMP,1000,1,9,693763
mmClasicaOpenMP,1000,1,10,693445
mmClasicaOpenMP,1000,1,11,696793
mmClasicaOpenMP,1000,1,12,694661
mmClasicaOpenMP,1000,1,13,702874
mmClasicaOpenMP,1000,1,14,704426
mmClasicaOpenMP,1000,1,15,694577
mmClasicaOpenMP,1000,1,16,693160
mmClasicaOpenMP,1000,1,17,694311
mmClasicaOpenMP,1000,1,18,695964
mmClasicaOpenMP,1000,1,19,692984
mmClasicaOpenMP,1000,1,20,693631
mmClasicaOpenMP,1000,1,21,698588
mmClasicaOpenMP,1000,1,22,695246
mmClasicaOpenMP,1000,1,23,695657
mmClasicaOpenMP,1000,1,24,695417
mmClasicaOpenMP,1000,1,25,694916
mmClasicaOpenMP,1000,1,26,695358
mmClasicaOpenMP,1000,1,27,701710
mmClasicaOpenMP,1000,1,28,694907
mmClasicaOpenMP,1000,1,29,692831
mmClasicaOpenMP,1000,1,30,695106
mmClasicaOpenMP,1000,2,1,362146
mmClasicaOpenMP,1000,2,2,357975
mmClasicaOpenMP,1000,2,3,362996
mmClasicaOpenMP,1000,2,4,364378
mmClasicaOpenMP,1000,2,5,358070
mmClasicaOpenMP,1000,2,6,359470
mmClasicaOpenMP,1000,2,7,364892
mmClasicaOpenMP,1000,2,8,360768
mmClasicaOpenMP,1000,2,9,362140
mmClasicaOpenMP,1000,2,10,362048
mmClasicaOpenMP,1000,2,11,359246
mmClasicaOpenMP,1000,2,12,361876
mmClasicaOpenMP,1000,2,13,358688
mmClasicaOpenMP,1000,2,14,362969
mmClasicaOpenMP,1000,2,15,354524
mmClasicaOpenMP,1000,2,16,357762
mmClasicaOpenMP,1000,2,17,363684
mmClasicaOpenMP,1000,2,18,355419
mmClasicaOpenMP,1000,2,19,358411
mmClasicaOpenMP,1000,2,20,376469
mmClasicaOpenMP,1000,2,21,354955
mmClasicaOpenMP,1000,2,22,361600
mmClasicaOpenMP,1000,2,23,355579
mmClasicaOpenMP,1000,2,24,361996
mmClasicaOpenMP,1000,2,25,362616
mmClasicaOpenMP,1000,2,26,358455
mmClasicaOpenMP,1000,2,27,356970
mmClasicaOpenMP,1000,2,28,360950
mmClasicaOpenMP,1000,2,29,355691
mmClasicaOpenMP,1000,2,30,364144
mmClasicaOpenMP,1000,3,1,263529
mmClasicaOpenMP,1000,3,2,263270
mmClasicaOpenMP,1000,3,3,262870
mmClasicaOpenMP,1000,3,4,264840
mmClasicaOpenMP,1000,3,5,263742
mmClasicaOpenMP,1000,3,6,262057
mmClasicaOpenMP,1000,3,7,263633
mmClasicaOpenMP,1000,3,8,263210
mmClasicaOpenMP,1000,3,9,263328
mmClasicaOpenMP,1000,3,10,263329
mmClasicaOpenMP,1000,3,11,263700
mmClasicaOpenMP,1000,3,12,263466
mmClasicaOpenMP,1000,3,13,263395
mmClasicaOpenMP,1000,3,14,264185
mmClasicaOpenMP,1000,3,15,263479
mmClasicaOpenMP,1000,3,16,262380
mmClasicaOpenMP,1000,3,17,264634
mmClasicaOpenMP,1000,3,18,268269
mmClasicaOpenMP,1000,3,19,264644
mmClasicaOpenMP,1000,3,20,263473
mmClasicaOpenMP,1000,3,21,263586
mmClasicaOpenMP,1000,3,22,262786
mmClasicaOpenMP,1000,3,23,265078
mmClasicaOpenMP,1000,3,24,262798
mmClasicaOpenMP,1000,3,25,263848
mmClasicaOpenMP,1000,3,26,260596
mmClasicaOpenMP,1000,3,27,263330
mmClasicaOpenMP,1000,3,28,263581
mmClasicaOpenMP,1000,3,29,262483
mmClasicaOpenMP,1000,3,30,262794
mmClasicaOpenMP,1000,4,1,198145
mmClasicaOpenMP,1000,4,2,197375
mmClasicaOpenMP,1000,4,3,196396
mmClasicaOpenMP,1000,4,4,196534
mmClasicaOpenMP,1000,4,5,198436
mmClasicaOpenMP,1000,4,6,197153
mmClasicaOpenMP,1000,4,7,197347
mmClasicaOpenMP,1000,4,8,198521
mmClasicaOpenMP,1000,4,9,196619
mmClasicaOpenMP,1000,4,10,197644
mmClasicaOpenMP,1000,4,11,197881
mmClasicaOpenMP,1000,4,12,196196
mmClasicaOpenMP,1000,4,13,197256
mmClasicaOpenMP,1000,4,14,202112
mmClasicaOpenMP,1000,4,15,202641
mmClasicaOpenMP,1000,4,16,201251
mmClasicaOpenMP,1000,4,17,200348
mmClasicaOpenMP,1000,4,18,201643
mmClasicaOpenMP,1000,4,19,199702
mmClasicaOpenMP,1000,4,20,198968
mmClasicaOpenMP,1000,4,21,198305
mmClasicaOpenMP,1000,4,22,198040
mmClasicaOpenMP,1000,4,23,197607
mmClasicaOpenMP,1000,4,24,198270
mmClasicaOpenMP,1000,4,25,196848
mmClasicaOpenMP,1000,4,26,196006
mmClasicaOpenMP,1000,4,27,196409
mmClasicaOpenMP,1000,4,28,196779
mmClasicaOpenMP,1000,4,29,196615
mmClasicaOpenMP,1000,4,30,197139
mmClasicaOpenMP,1000,5,1,158459
mmClasicaOpenMP,1000,5,2,158359
mmClasicaOpenMP,1000,5,3,157931
mmClasicaOpenMP,1000,5,4,158553
mmClasicaOpenMP,1000,5,5,158703
mmClasicaOpenMP,1000,5,6,158401
mmClasicaOpenMP,1000,5,7,158673
mmClasicaOpenMP,1000,5,8,158099
mmClasicaOpenMP,1000,5,9,156217
mmClasicaOpenMP,1000,5,10,158257
mmClasicaOpenMP,1000,5,11,156849
mmClasicaOpenMP,1000,5,12,158289
mmClasicaOpenMP,1000,5,13,158917
mmClasicaOpenMP,1000,5,14,156194
mmClasicaOpenMP,1000,5,15,158499
mmClasicaOpenMP,1000,5,16,157952
mmClasicaOpenMP,1000,5,17,157405
mmClasicaOpenMP,1000,5,18,156993
mmClasicaOpenMP,1000,5,19,156758
mmClasicaOpenMP,1000,5,20,157391
mmClasicaOpenMP,1000,5,21,157526
mmClasicaOpenMP,1000,5,22,157066
mmClasicaOpenMP,1000,5,23,158464
mmClasicaOpenMP,1000,5,24,158175
mmClasicaOpenMP,1000,5,25,157645
mmClasicaOpenMP,1000,5,26,157894
mmClasicaOpenMP,1000,5,27,159379
mmClasicaOpenMP,1000,5,28,158459
mmClasicaOpenMP,1000,5,29,158993
mmClasicaOpenMP,1000,5,30,157918
mmClasicaOpenMP,1000,6,1,131075
mmClasicaOpenMP,1000,6,2,131358
mmClasicaOpenMP,1000,6,3,131701
mmClasicaOpenMP,1000,6,4,132410
mmClasicaOpenMP,1000,6,5,131793
mmClasicaOpenMP,1000,6,6,131713
mmClasicaOpenMP,1000,6,7,134914
mmClasicaOpenMP,1000,6,8,130744
mmClasicaOpenMP,1000,6,9,132607
mmClasicaOpenMP,1000,6,10,133873
mmClasicaOpenMP,1000,6,11,131399
mmClasicaOpenMP,1000,6,12,130046
mmClasicaOpenMP,1000,6,13,131103
mmClasicaOpenMP,1000,6,14,131749
mmClasicaOpenMP,1000,6,15,134070
mmClasicaOpenMP,1000,6,16,131974
mmClasicaOpenMP,1000,6,17,131509
mmClasicaOpenMP,1000,6,18,131703
mmClasicaOpenMP,1000,6,19,131881
mmClasicaOpenMP,1000,6,20,131811
mmClasicaOpenMP,1000,6,21,130780
mmClasicaOpenMP,1000,6,22,133900
mmClasicaOpenMP,1000,6,23,131312
mmClasicaOpenMP,1000,6,24,131607
mmClasicaOpenMP,1000,6,25,131127
mmClasicaOpenMP,1000,6,26,130469
mmClasicaOpenMP,1000,6,27,131156
mmClasicaOpenMP,1000,6,28,132528
mmClasicaOpenMP,1000,6,29,131334
mmClasicaOpenMP,1000,6,30,132332
mmClasicaOpenMP,1000,7,1,113972
mmClasicaOpenMP,1000,7,2,114518
mmClasicaOpenMP,1000,7,3,126109
mmClasicaOpenMP,1000,7,4,116649
mmClasicaOpenMP,1000,7,5,114031
mmClasicaOpenMP,1000,7,6,113577
mmClasicaOpenMP,1000,7,7,113216
mmClasicaOpenMP,1000,7,8,113115
mmClasicaOpenMP,1000,7,9,113239
mmClasicaOpenMP,1000,7,10,114383
mmClasicaOpenMP,1000,7,11,113150
mmClasicaOpenMP,1000,7,12,116338
mmClasicaOpenMP,1000,7,13,119212
mmClasicaOpenMP,1000,7,14,113265
mmClasicaOpenMP,1000,7,15,113537
mmClasicaOpenMP,1000,7,16,113722
mmClasicaOpenMP,1000,7,17,116505
mmClasicaOpenMP,1000,7,18,114821
mmClasicaOpenMP,1000,7,19,117797
mmClasicaOpenMP,1000,7,20,114019
mmClasicaOpenMP,1000,7,21,114397
mmClasicaOpenMP,1000,7,22,114334
mmClasicaOpenMP,1000,7,23,115040
mmClasicaOpenMP,1000,7,24,113629
mmClasicaOpenMP,1000,7,25,115929
mmClasicaOpenMP,1000,7,26,119435
mmClasicaOpenMP,1000,7,27,114837
mmClasicaOpenMP,1000,7,28,116471
mmClasicaOpenMP,1000,7,29,113524
mmClasicaOpenMP,1000,7,30,113286
mmClasicaOpenMP,1500,1,1,2676382
mmClasicaOpenMP,1500,1,2,2613626
mmClasicaOpenMP,1500,1,3,2608861
mmClasicaOpenMP,1500,1,4,2626657
mmClasicaOpenMP,1500,1,5,2655736
mmClasicaOpenMP,1500,1,6,2654279
mmClasicaOpenMP,1500,1,7,2642027
mmClasicaOpenMP,1500,1,8,2640372
mmClasicaOpenMP,1500,1,9,2635448
mmClasicaOpenMP,1500,1,10,2635169
mmClasicaOpenMP,1500,1,11,2622042
mmClasicaOpenMP,1500,1,12,2610221
mmClasicaOpenMP,1500,1,13,2628200
mmClasicaOpenMP,1500,1,14,2595811
mmClasicaOpenMP,1500,1,15,2596418
mmClasicaOpenMP,1500,1,16,2593344
mmClasicaOpenMP,1500,1,17,2598135
mmClasicaOpenMP,1500,1,18,2597094
mmClasicaOpenMP,1500,1,19,2599887
mmClasicaOpenMP,1500,1,20,2589967
mmClasicaOpenMP,1500,1,21,2602993
mmClasicaOpenMP,1500,1,22,2593312
mmClasicaOpenMP,1500,1,23,2590970
mmClasicaOpenMP,1500,1,24,2591962
mmClasicaOpenMP,1500,1,25,2596943
mmClasicaOpenMP,1500,1,26,2590091
mmClasicaOpenMP,1500,1,27,2594020
mmClasicaOpenMP,1500,1,28,2594681
mmClasicaOpenMP,1500,1,29,2594428
mmClasicaOpenMP,1500,1,30,2597910
mmClasicaOpenMP,1500,2,1,1322738
mmClasicaOpenMP,1500,2,2,1339100
mmClasicaOpenMP,1500,2,3,1316846
mmClasicaOpenMP,1500,2,4,1320858
mmClasicaOpenMP,1500,2,5,1325886
mmClasicaOpenMP,1500,2,6,1327556
mmClasicaOpenMP,1500,2,7,1321149
mmClasicaOpenMP,1500,2,8,1317779
mmClasicaOpenMP,1500,2,9,1321032
mmClasicaOpenMP,1500,2,10,1333936
mmClasicaOpenMP,1500,2,11,1353305
mmClasicaOpenMP,1500,2,12,1328860
mmClasicaOpenMP,1500,2,13,1327520
mmClasicaOpenMP,1500,2,14,1330686
mmClasicaOpenMP,1500,2,15,1331912
mmClasicaOpenMP,1500,2,16,1329666
mmClasicaOpenMP,1500,2,17,1327809
mmClasicaOpenMP,1500,2,18,1345724
mmClasicaOpenMP,1500,2,19,1342376
mmClasicaOpenMP,1500,2,20,1336415
mmClasicaOpenMP,1500,2,21,1345509
mmClasicaOpenMP,1500,2,22,1339746
mmClasicaOpenMP,1500,2,23,1336884
mmClasicaOpenMP,1500,2,24,1342074
mmClasicaOpenMP,1500,2,25,1351060
mmClasicaOpenMP,1500,2,26,1354812
mmClasicaOpenMP,1500,2,27,1337382
mmClasicaOpenMP,1500,2,28,1338158
mmClasicaOpenMP,1500,2,29,1344387
mmClasicaOpenMP,1500,2,30,1337587
mmClasicaOpenMP,1500,3,1,923036
mmClasicaOpenMP,1500,3,2,923491
mmClasicaOpenMP,1500,3,3,923016
mmClasicaOpenMP,1500,3,4,924973
mmClasicaOpenMP,1500,3,5,923867
mmClasicaOpenMP,1500,3,6,926400
mmClasicaOpenMP,1500,3,7,925852
mmClasicaOpenMP,1500,3,8,924999
mmClasicaOpenMP,1500,3,9,924087
mmClasicaOpenMP,1500,3,10,924607
mmClasicaOpenMP,1500,3,11,924824
mmClasicaOpenMP,1500,3,12,923358
mmClasicaOpenMP,1500,3,13,924262
mmClasicaOpenMP,1500,3,14,926759
mmClasicaOpenMP,1500,3,15,924673
mmClasicaOpenMP,1500,3,16,923449
mmClasicaOpenMP,1500,3,17,923927
mmClasicaOpenMP,1500,3,18,925548
mmClasicaOpenMP,1500,3,19,923393
mmClasicaOpenMP,1500,3,20,926465
mmClasicaOpenMP,1500,3,21,924685
mmClasicaOpenMP,1500,3,22,922934
mmClasicaOpenMP,1500,3,23,925730
mmClasicaOpenMP,1500,3,24,925381
mmClasicaOpenMP,1500,3,25,923516
mmClasicaOpenMP,1500,3,26,923230
mmClasicaOpenMP,1500,3,27,923397
mmClasicaOpenMP,1500,3,28,922893
mmClasicaOpenMP,1500,3,29,925662
mmClasicaOpenMP,1500,3,30,923285
mmClasicaOpenMP,1500,4,1,695217
mmClasicaOpenMP,1500,4,2,693071
mmClasicaOpenMP,1500,4,3,696880
mmClasicaOpenMP,1500,4,4,693827
mmClasicaOpenMP,1500,4,5,701779
mmClasicaOpenMP,1500,4,6,695637
mmClasicaOpenMP,1500,4,7,695038
mmClasicaOpenMP,1500,4,8,693966
mmClasicaOpenMP,1500,4,9,697815
mmClasicaOpenMP,1500,4,10,694054
mmClasicaOpenMP,1500,4,11,694373
mmClasicaOpenMP,1500,4,12,694306
mmClasicaOpenMP,1500,4,13,692867
mmClasicaOpenMP,1500,4,14,693468
mmClasicaOpenMP,1500,4,15,694317
mmClasicaOpenMP,1500,4,16,695590
mmClasicaOpenMP,1500,4,17,695243
mmClasicaOpenMP,1500,4,18,695457
mmClasicaOpenMP,1500,4,19,694646
mmClasicaOpenMP,1500,4,20,692187
mmClasicaOpenMP,1500,4,21,693487
mmClasicaOpenMP,1500,4,22,693077
mmClasicaOpenMP,1500,4,23,693754
mmClasicaOpenMP,1500,4,24,691802
mmClasicaOpenMP,1500,4,25,696323
mmClasicaOpenMP,1500,4,26,694145
mmClasicaOpenMP,1500,4,27,696905
mmClasicaOpenMP,1500,4,28,692382
mmClasicaOpenMP,1500,4,29,692840
mmClasicaOpenMP,1500,4,30,692886
mmClasicaOpenMP,1500,5,1,558330
mmClasicaOpenMP,1500,5,2,558892
mmClasicaOpenMP,1500,5,3,563502
mmClasicaOpenMP,1500,5,4,557011
mmClasicaOpenMP,1500,5,5,563279
mmClasicaOpenMP,1500,5,6,557643
mmClasicaOpenMP,1500,5,7,560559
mmClasicaOpenMP,1500,5,8,557919
mmClasicaOpenMP,1500,5,9,558481
mmClasicaOpenMP,1500,5,10,558844
mmClasicaOpenMP,1500,5,11,558028
mmClasicaOpenMP,1500,5,12,559416
mmClasicaOpenMP,1500,5,13,556933
mmClasicaOpenMP,1500,5,14,558281
mmClasicaOpenMP,1500,5,15,557272
mmClasicaOpenMP,1500,5,16,556642
mmClasicaOpenMP,1500,5,17,556224
mmClasicaOpenMP,1500,5,18,556919
mmClasicaOpenMP,1500,5,19,558976
mmClasicaOpenMP,1500,5,20,556397
mmClasicaOpenMP,1500,5,21,556590
mmClasicaOpenMP,1500,5,22,556863
mmClasicaOpenMP,1500,5,23,556624
mmClasicaOpenMP,1500,5,24,556447
mmClasicaOpenMP,1500,5,25,557422
mmClasicaOpenMP,1500,5,26,556312
mmClasicaOpenMP,1500,5,27,560674
mmClasicaOpenMP,1500,5,28,556676
mmClasicaOpenMP,1500,5,29,559842
mmClasicaOpenMP,1500,5,30,556797
mmClasicaOpenMP,1500,6,1,466745
mmClasicaOpenMP,1500,6,2,465285
mmClasicaOpenMP,1500,6,3,466110
mmClasicaOpenMP,1500,6,4,466313
mmClasicaOpenMP,1500,6,5,466416
mmClasicaOpenMP,1500,6,6,466836
mmClasicaOpenMP,1500,6,7,465586
mmClasicaOpenMP,1500,6,8,464454
mmClasicaOpenMP,1500,6,9,464023
mmClasicaOpenMP,1500,6,10,467990
mmClasicaOpenMP,1500,6,11,465102
mmClasicaOpenMP,1500,6,12,471005
mmClasicaOpenMP,1500,6,13,465247
mmClasicaOpenMP,1500,6,14,465975
mmClasicaOpenMP,1500,6,15,466111
mmClasicaOpenMP,1500,6,16,466488
mmClasicaOpenMP,1500,6,17,465960
mmClasicaOpenMP,1500,6,18,467144
mmClasicaOpenMP,1500,6,19,466069
mmClasicaOpenMP,1500,6,20,467261
mmClasicaOpenMP,1500,6,21,469863
mmClasicaOpenMP,1500,6,22,467646
mmClasicaOpenMP,1500,6,23,466560
mmClasicaOpenMP,1500,6,24,466441
mmClasicaOpenMP,1500,6,25,467908
mmClasicaOpenMP,1500,6,26,467249
mmClasicaOpenMP,1500,6,27,466696
mmClasicaOpenMP,1500,6,28,470268
mmClasicaOpenMP,1500,6,29,466930
mmClasicaOpenMP,1500,6,30,466681
mmClasicaOpenMP,1500,7,1,400457
mmClasicaOpenMP,1500,7,2,399405
mmClasicaOpenMP,1500,7,3,401903
mmClasicaOpenMP,1500,7,4,402727
mmClasicaOpenMP,1500,7,5,403652
mmClasicaOpenMP,1500,7,6,401104
mmClasicaOpenMP,1500,7,7,401153
mmClasicaOpenMP,1500,7,8,404861
mmClasicaOpenMP,1500,7,9,399391
mmClasicaOpenMP,1500,7,10,401729
mmClasicaOpenMP,1500,7,11,400670
mmClasicaOpenMP,1500,7,12,401093
mmClasicaOpenMP,1500,7,13,399261
mmClasicaOpenMP,1500,7,14,400147
mmClasicaOpenMP,1500,7,15,401833
mmClasicaOpenMP,1500,7,16,403021
mmClasicaOpenMP,1500,7,17,401207
mmClasicaOpenMP,1500,7,18,402038
mmClasicaOpenMP,1500,7,19,405992
mmClasicaOpenMP,1500,7,20,401121
mmClasicaOpenMP,1500,7,21,401396
mmClasicaOpenMP,1500,7,22,402952
mmClasicaOpenMP,1500,7,23,403060
mmClasicaOpenMP,1500,7,24,402456
mmClasicaOpenMP,1500,7,25,399807
mmClasicaOpenMP,1500,7,26,401825
mmClasicaOpenMP,1500,7,27,399802
mmClasicaOpenMP,1500,7,28,403428
mmClasicaOpenMP,1500,7,29,400498
mmClasicaOpenMP,1500,7,30,401492
mmClasicaOpenMP,2000,1,1,6778705
mmClasicaOpenMP,2000,1,2,6793362
mmClasicaOpenMP,2000,1,3,6801374
mmClasicaOpenMP,2000,1,4,6783601
mmClasicaOpenMP,2000,1,5,6761636
mmClasicaOpenMP,2000,1,6,6769472
mmClasicaOpenMP,2000,1,7,6756543
mmClasicaOpenMP,2000,1,8,6715805
mmClasicaOpenMP,2000,1,9,6695966
mmClasicaOpenMP,2000,1,10,6667705
mmClasicaOpenMP,2000,1,11,6657715
mmClasicaOpenMP,2000,1,12,6641084
mmClasicaOpenMP,2000,1,13,6626154
mmClasicaOpenMP,2000,1,14,6639204
mmClasicaOpenMP,2000,1,15,6605021
mmClasicaOpenMP,2000,1,16,6607509
mmClasicaOpenMP,2000,1,17,6603277
mmClasicaOpenMP,2000,1,18,6529345
mmClasicaOpenMP,2000,1,19,6600724
mmClasicaOpenMP,2000,1,20,6581222
mmClasicaOpenMP,2000,1,21,6532625
mmClasicaOpenMP,2000,1,22,6496110
mmClasicaOpenMP,2000,1,23,6485309
mmClasicaOpenMP,2000,1,24,6574154
mmClasicaOpenMP,2000,1,25,6567087
mmClasicaOpenMP,2000,1,26,6564593
mmClasicaOpenMP,2000,1,27,6528110
mmClasicaOpenMP,2000,1,28,6507176
mmClasicaOpenMP,2000,1,29,6539437
mmClasicaOpenMP,2000,1,30,6518213
mmClasicaOpenMP,2000,2,1,3601039
mmClasicaOpenMP,2000,2,2,4003251
mmClasicaOpenMP,2000,2,3,3928709
mmClasicaOpenMP,2000,2,4,3850192
mmClasicaOpenMP,2000,2,5,3652037
mmClasicaOpenMP,2000,2,6,3613273
mmClasicaOpenMP,2000,2,7,4085661
mmClasicaOpenMP,2000,2,8,3522641
mmClasicaOpenMP,2000,2,9,3648004
mmClasicaOpenMP,2000,2,10,3584760
mmClasicaOpenMP,2000,2,11,4070786
mmClasicaOpenMP,2000,2,12,4001060
mmClasicaOpenMP,2000,2,13,3573562
mmClasicaOpenMP,2000,2,14,3978346
mmClasicaOpenMP,2000,2,15,3467580
mmClasicaOpenMP,2000,2,16,3981311
mmClasicaOpenMP,2000,2,17,3818736
mmClasicaOpenMP,2000,2,18,3567096
mmClasicaOpenMP,2000,2,19,3740596
mmClasicaOpenMP,2000,2,20,3727352
mmClasicaOpenMP,2000,2,21,3528136
mmClasicaOpenMP,2000,2,22,3926962
mmClasicaOpenMP,2000,2,23,4074691
mmClasicaOpenMP,2000,2,24,3637515
mmClasicaOpenMP,2000,2,25,3839206
mmClasicaOpenMP,2000,2,26,3648188
mmClasicaOpenMP,2000,2,27,4080329
mmClasicaOpenMP,2000,2,28,3870820
mmClasicaOpenMP,2000,2,29,3905198
mmClasicaOpenMP,2000,2,30,4142925
mmClasicaOpenMP,2000,3,1,2690345
mmClasicaOpenMP,2000,3,2,2573738
mmClasicaOpenMP,2000,3,3,2347071
mmClasicaOpenMP,2000,3,4,2334910
mmClasicaOpenMP,2000,3,5,2318555
mmClasicaOpenMP,2000,3,6,2308751
mmClasicaOpenMP,2000,3,7,2340558
mmClasicaOpenMP,2000,3,8,2399055
mmClasicaOpenMP,2000,3,9,2318866
mmClasicaOpenMP,2000,3,10,2368450
mmClasicaOpenMP,2000,3,11,2388822
mmClasicaOpenMP,2000,3,12,2307710
mmClasicaOpenMP,2000,3,13,2324993
mmClasicaOpenMP,2000,3,14,2314824
mmClasicaOpenMP,2000,3,15,2302456
mmClasicaOpenMP,2000,3,16,2335992
mmClasicaOpenMP,2000,3,17,2322440
mmClasicaOpenMP,2000,3,18,2326665
mmClasicaOpenMP,2000,3,19,2338511
mmClasicaOpenMP,2000,3,20,2434889
mmClasicaOpenMP,2000,3,21,2373789
mmClasicaOpenMP,2000,3,22,2520306
mmClasicaOpenMP,2000,3,23,2428041
mmClasicaOpenMP,2000,3,24,2389714
mmClasicaOpenMP,2000,3,25,2429154
mmClasicaOpenMP,2000,3,26,2388483
mmClasicaOpenMP,2000,3,27,2345399
mmClasicaOpenMP,2000,3,28,2453476
mmClasicaOpenMP,2000,3,29,2301733
mmClasicaOpenMP,2000,3,30,2362361
mmClasicaOpenMP,2000,4,1,1765457
mmClasicaOpenMP,2000,4,2,1770987
mmClasicaOpenMP,2000,4,3,1760226
mmClasicaOpenMP,2000,4,4,1763734
mmClasicaOpenMP,2000,4,5,1758040
mmClasicaOpenMP,2000,4,6,1738150
mmClasicaOpenMP,2000,4,7,1757117
mmClasicaOpenMP,2000,4,8,1747930
mmClasicaOpenMP,2000,4,9,1776426
mmClasicaOpenMP,2000,4,10,1731257
mmClasicaOpenMP,2000,4,11,1780558
mmClasicaOpenMP,2000,4,12,1758044
mmClasicaOpenMP,2000,4,13,1743998
mmClasicaOpenMP,2000,4,14,1745603
mmClasicaOpenMP,2000,4,15,1741119
mmClasicaOpenMP,2000,4,16,1776746
mmClasicaOpenMP,2000,4,17,1736256
mmClasicaOpenMP,2000,4,18,1752248
mmClasicaOpenMP,2000,4,19,1762452
mmClasicaOpenMP,2000,4,20,1720435
mmClasicaOpenMP,2000,4,21,1763184
mmClasicaOpenMP,2000,4,22,1795530
mmClasicaOpenMP,2000,4,23,1812728
mmClasicaOpenMP,2000,4,24,1747592
mmClasicaOpenMP,2000,4,25,1806227
mmClasicaOpenMP,2000,4,26,1778101
mmClasicaOpenMP,2000,4,27,1738448
mmClasicaOpenMP,2000,4,28,1756918
mmClasicaOpenMP,2000,4,29,1846094
mmClasicaOpenMP,2000,4,30,1730229
mmClasicaOpenMP,2000,5,1,1375854
mmClasicaOpenMP,2000,5,2,1375707
mmClasicaOpenMP,2000,5,3,1378204
mmClasicaOpenMP,2000,5,4,1378311
mmClasicaOpenMP,2000,5,5,1375485
mmClasicaOpenMP,2000,5,6,1379493
mmClasicaOpenMP,2000,5,7,1373147
mmClasicaOpenMP,2000,5,8,1378393
mmClasicaOpenMP,2000,5,9,1376249
mmClasicaOpenMP,2000,5,10,1372943
mmClasicaOpenMP,2000,5,11,1377953
mmClasicaOpenMP,2000,5,12,1385977
mmClasicaOpenMP,2000,5,13,1378755
mmClasicaOpenMP,2000,5,14,1377624
mmClasicaOpenMP,2000,5,15,1375310
mmClasicaOpenMP,2000,5,16,1378174
mmClasicaOpenMP,2000,5,17,1379941
mmClasicaOpenMP,2000,5,18,1376725
mmClasicaOpenMP,2000,5,19,1375375
mmClasicaOpenMP,2000,5,20,1376608
mmClasicaOpenMP,2000,5,21,1378963
mmClasicaOpenMP,2000,5,22,1370397
mmClasicaOpenMP,2000,5,23,1376873
mmClasicaOpenMP,2000,5,24,1374876
mmClasicaOpenMP,2000,5,25,1373977
mmClasicaOpenMP,2000,5,26,1368211
mmClasicaOpenMP,2000,5,27,1380209
mmClasicaOpenMP,2000,5,28,1375406
mmClasicaOpenMP,2000,5,29,1378551
mmClasicaOpenMP,2000,5,30,1376271
mmClasicaOpenMP,2000,6,1,1125633
mmClasicaOpenMP,2000,6,2,1129040
mmClasicaOpenMP,2000,6,3,1126034
mmClasicaOpenMP,2000,6,4,1127089
mmClasicaOpenMP,2000,6,5,1129020
mmClasicaOpenMP,2000,6,6,1129126
mmClasicaOpenMP,2000,6,7,1124134
mmClasicaOpenMP,2000,6,8,1125721
mmClasicaOpenMP,2000,6,9,1132121
mmClasicaOpenMP,2000,6,10,1126808
mmClasicaOpenMP,2000,6,11,1132279
mmClasicaOpenMP,2000,6,12,1126999
mmClasicaOpenMP,2000,6,13,1128467
mmClasicaOpenMP,2000,6,14,1126459
mmClasicaOpenMP,2000,6,15,1125999
mmClasicaOpenMP,2000,6,16,1125376
mmClasicaOpenMP,2000,6,17,1127576
mmClasicaOpenMP,2000,6,18,1127686
mmClasicaOpenMP,2000,6,19,1124346
mmClasicaOpenMP,2000,6,20,1125802
mmClasicaOpenMP,2000,6,21,1125729
mmClasicaOpenMP,2000,6,22,1125136
mmClasicaOpenMP,2000,6,23,1127121
mmClasicaOpenMP,2000,6,24,1125233
mmClasicaOpenMP,2000,6,25,1128203
mmClasicaOpenMP,2000,6,26,1127715
mmClasicaOpenMP,2000,6,27,1126964
mmClasicaOpenMP,2000,6,28,1126258
mmClasicaOpenMP,2000,6,29,1125883
mmClasicaOpenMP,2000,6,30,1129155
mmClasicaOpenMP,2000,7,1,968373
mmClasicaOpenMP,2000,7,2,967263
mmClasicaOpenMP,2000,7,3,968484
mmClasicaOpenMP,2000,7,4,964601
mmClasicaOpenMP,2000,7,5,968810
mmClasicaOpenMP,2000,7,6,965680
mmClasicaOpenMP,2000,7,7,967188
mmClasicaOpenMP,2000,7,8,964801
mmClasicaOpenMP,2000,7,9,966638
mmClasicaOpenMP,2000,7,10,969706
mmClasicaOpenMP,2000,7,11,969335
mmClasicaOpenMP,2000,7,12,967080
mmClasicaOpenMP,2000,7,13,967328
mmClasicaOpenMP,2000,7,14,964914
mmClasicaOpenMP,2000,7,15,964595
mmClasicaOpenMP,2000,7,16,968268
mmClasicaOpenMP,2000,7,17,964873
mmClasicaOpenMP,2000,7,18,968748
mmClasicaOpenMP,2000,7,19,963292
mmClasicaOpenMP,2000,7,20,965086
mmClasicaOpenMP,2000,7,21,964578
mmClasicaOpenMP,2000,7,22,968442
mmClasicaOpenMP,2000,7,23,970508
mmClasicaOpenMP,2000,7,24,964721
mmClasicaOpenMP,2000,7,25,964987
mmClasicaOpenMP,2000,7,26,971634
mmClasicaOpenMP,2000,7,27,971176
mmClasicaOpenMP,2000,7,28,968241
mmClasicaOpenMP,2000,7,29,966142
mmClasicaOpenMP,2000,7,30,973317
mmClasicaOpenMP,500,1,1,103380
mmClasicaOpenMP,500,1,2,80262
mmClasicaOpenMP,500,1,3,78964
mmClasicaOpenMP,500,1,4,80072
mmClasicaOpenMP,500,1,5,79895
mmClasicaOpenMP,500,1,6,80689
mmClasicaOpenMP,500,1,7,80661
mmClasicaOpenMP,500,1,8,80032
mmClasicaOpenMP,500,1,9,79679
mmClasicaOpenMP,500,1,10,79496
mmClasicaOpenMP,500,1,11,79724
mmClasicaOpenMP,500,1,12,81402
mmClasicaOpenMP,500,1,13,79688
mmClasicaOpenMP,500,1,14,80634
mmClasicaOpenMP,500,1,15,79314
mmClasicaOpenMP,500,1,16,79464
mmClasicaOpenMP,500,1,17,79956
mmClasicaOpenMP,500,1,18,81514
mmClasicaOpenMP,500,1,19,79826
mmClasicaOpenMP,500,1,20,79883
mmClasicaOpenMP,500,1,21,79134
mmClasicaOpenMP,500,1,22,81258
mmClasicaOpenMP,500,1,23,79208
mmClasicaOpenMP,500,1,24,79200
mmClasicaOpenMP,500,1,25,79952
mmClasicaOpenMP,500,1,26,78521
mmClasicaOpenMP,500,1,27,78579
mmClasicaOpenMP,500,1,28,78636
mmClasicaOpenMP,500,1,29,80841
mmClasicaOpenMP,500,1,30,80104
mmClasicaOpenMP,500,2,1,42302
mmClasicaOpenMP,500,2,2,41298
mmClasicaOpenMP,500,2,3,41378
mmClasicaOpenMP,500,2,4,40680
mmClasicaOpenMP,500,2,5,40981
mmClasicaOpenMP,500,2,6,41004
mmClasicaOpenMP,500,2,7,40938
mmClasicaOpenMP,500,2,8,44798
mmClasicaOpenMP,500,2,9,40685
mmClasicaOpenMP,500,2,10,42077
mmClasicaOpenMP,500,2,11,41781
mmClasicaOpenMP,500,2,12,42895
mmClasicaOpenMP,500,2,13,41887
mmClasicaOpenMP,500,2,14,41379
mmClasicaOpenMP,500,2,15,41478
mmClasicaOpenMP,500,2,16,43196
mmClasicaOpenMP,500,2,17,41886
mmClasicaOpenMP,500,2,18,41543
mmClasicaOpenMP,500,2,19,41197
mmClasicaOpenMP,500,2,20,40904
mmClasicaOpenMP,500,2,21,40656
mmClasicaOpenMP,500,2,22,40774
mmClasicaOpenMP,500,2,23,43353
mmClasicaOpenMP,500,2,24,42284
mmClasicaOpenMP,500,2,25,40503
mmClasicaOpenMP,500,2,26,41281
mmClasicaOpenMP,500,2,27,40930
mmClasicaOpenMP,500,2,28,40687
mmClasicaOpenMP,500,2,29,40569
mmClasicaOpenMP,500,2,30,41995
mmClasicaOpenMP,500,3,1,30048
mmClasicaOpenMP,500,3,2,29911
mmClasicaOpenMP,500,3,3,29867
mmClasicaOpenMP,500,3,4,29842
mmClasicaOpenMP,500,3,5,29836
mmClasicaOpenMP,500,3,6,29799
mmClasicaOpenMP,500,3,7,29907
mmClasicaOpenMP,500,3,8,29981
mmClasicaOpenMP,500,3,9,29768
mmClasicaOpenMP,500,3,10,29857
mmClasicaOpenMP,500,3,11,29832
mmClasicaOpenMP,500,3,12,29901
mmClasicaOpenMP,500,3,13,29898
mmClasicaOpenMP,500,3,14,29901
mmClasicaOpenMP,500,3,15,30639
mmClasicaOpenMP,500,3,16,29849
mmClasicaOpenMP,500,3,17,29805
mmClasicaOpenMP,500,3,18,29889
mmClasicaOpenMP,500,3,19,29826
mmClasicaOpenMP,500,3,20,29868
mmClasicaOpenMP,500,3,21,29937
mmClasicaOpenMP,500,3,22,29484
mmClasicaOpenMP,500,3,23,30039
mmClasicaOpenMP,500,3,24,29896
mmClasicaOpenMP,500,3,25,29914
mmClasicaOpenMP,500,3,26,29529
mmClasicaOpenMP,500,3,27,28971
mmClasicaOpenMP,500,3,28,29987
mmClasicaOpenMP,500,3,29,29073
mmClasicaOpenMP,500,3,30,30055
mmClasicaOpenMP,500,4,1,22431
mmClasicaOpenMP,500,4,2,22431
mmClasicaOpenMP,500,4,3,22429
mmClasicaOpenMP,500,4,4,22361
mmClasicaOpenMP,500,4,5,22507
mmClasicaOpenMP,500,4,6,22464
mmClasicaOpenMP,500,4,7,22172
mmClasicaOpenMP,500,4,8,22433
mmClasicaOpenMP,500,4,9,22562
mmClasicaOpenMP,500,4,10,22454
mmClasicaOpenMP,500,4,11,22671
mmClasicaOpenMP,500,4,12,22521
mmClasicaOpenMP,500,4,13,22500
mmClasicaOpenMP,500,4,14,22496
mmClasicaOpenMP,500,4,15,22511
mmClasicaOpenMP,500,4,16,22460
mmClasicaOpenMP,500,4,17,22535
mmClasicaOpenMP,500,4,18,22390
mmClasicaOpenMP,500,4,19,22555
mmClasicaOpenMP,500,4,20,22528
mmClasicaOpenMP,500,4,21,22441
mmClasicaOpenMP,500,4,22,22420
mmClasicaOpenMP,500,4,23,22427
mmClasicaOpenMP,500,4,24,22495
mmClasicaOpenMP,500,4,25,22442
mmClasicaOpenMP,500,4,26,22443
mmClasicaOpenMP,500,4,27,22421
mmClasicaOpenMP,500,4,28,22747
mmClasicaOpenMP,500,4,29,22292
mmClasicaOpenMP,500,4,30,22469
mmClasicaOpenMP,500,5,1,18231
mmClasicaOpenMP,500,5,2,18153
mmClasicaOpenMP,500,5,3,18339
mmClasicaOpenMP,500,5,4,18514
mmClasicaOpenMP,500,5,5,18232
mmClasicaOpenMP,500,5,6,18125
mmClasicaOpenMP,500,5,7,18088
mmClasicaOpenMP,500,5,8,18053
mmClasicaOpenMP,500,5,9,17982
mmClasicaOpenMP,500,5,10,18073
mmClasicaOpenMP,500,5,11,18009
mmClasicaOpenMP,500,5,12,17909
mmClasicaOpenMP,500,5,13,17985
mmClasicaOpenMP,500,5,14,17963
mmClasicaOpenMP,500,5,15,17924
mmClasicaOpenMP,500,5,16,18178
mmClasicaOpenMP,500,5,17,17901
mmClasicaOpenMP,500,5,18,17815
mmClasicaOpenMP,500,5,19,17975
mmClasicaOpenMP,500,5,20,17946
mmClasicaOpenMP,500,5,21,17987
mmClasicaOpenMP,500,5,22,17945
mmClasicaOpenMP,500,5,23,17950
mmClasicaOpenMP,500,5,24,18344
mmClasicaOpenMP,500,5,25,18652
mmClasicaOpenMP,500,5,26,18266
mmClasicaOpenMP,500,5,27,18096
mmClasicaOpenMP,500,5,28,18224
mmClasicaOpenMP,500,5,29,17970
mmClasicaOpenMP,500,5,30,18000
mmClasicaOpenMP,500,6,1,15741
mmClasicaOpenMP,500,6,2,15414
mmClasicaOpenMP,500,6,3,15937
mmClasicaOpenMP,500,6,4,15995
mmClasicaOpenMP,500,6,5,15710
mmClasicaOpenMP,500,6,6,15561
mmClasicaOpenMP,500,6,7,15220
mmClasicaOpenMP,500,6,8,15226
mmClasicaOpenMP,500,6,9,15212
mmClasicaOpenMP,500,6,10,16844
mmClasicaOpenMP,500,6,11,15774
mmClasicaOpenMP,500,6,12,15177
mmClasicaOpenMP,500,6,13,15103
mmClasicaOpenMP,500,6,14,14991
mmClasicaOpenMP,500,6,15,15054
mmClasicaOpenMP,500,6,16,15168
mmClasicaOpenMP,500,6,17,15415
mmClasicaOpenMP,500,6,18,16264
mmClasicaOpenMP,500,6,19,15916
mmClasicaOpenMP,500,6,20,15509
mmClasicaOpenMP,500,6,21,15357
mmClasicaOpenMP,500,6,22,15247
mmClasicaOpenMP,500,6,23,16490
mmClasicaOpenMP,500,6,24,15835
mmClasicaOpenMP,500,6,25,15329
mmClasicaOpenMP,500,6,26,15210
mmClasicaOpenMP,500,6,27,15531
mmClasicaOpenMP,500,6,28,15305
mmClasicaOpenMP,500,6,29,15900
mmClasicaOpenMP,500,6,30,15414
mmClasicaOpenMP,500,7,1,13437
mmClasicaOpenMP,500,7,2,14662
mmClasicaOpenMP,500,7,3,13054
mmClasicaOpenMP,500,7,4,12946
mmClasicaOpenMP,500,7,5,12952
mmClasicaOpenMP,500,7,6,12994
mmClasicaOpenMP,500,7,7,13344
mmClasicaOpenMP,500,7,8,13274
mmClasicaOpenMP,500,7,9,12976
mmClasicaOpenMP,500,7,10,12976
mmClasicaOpenMP,500,7,11,13067
mmClasicaOpenMP,500,7,12,12976
mmClasicaOpenMP,500,7,13,12991
mmClasicaOpenMP,500,7,14,14142
mmClasicaOpenMP,500,7,15,14053
mmClasicaOpenMP,500,7,16,13432
mmClasicaOpenMP,500,7,17,13001
mmClasicaOpenMP,500,7,18,12999
mmClasicaOpenMP,500,7,19,12936
mmClasicaOpenMP,500,7,20,13102
mmClasicaOpenMP,500,7,21,13431
mmClasicaOpenMP,500,7,22,13380
mmClasicaOpenMP,500,7,23,13243
mmClasicaOpenMP,500,7,24,12983
mmClasicaOpenMP,500,7,25,13172
mmClasicaOpenMP,500,7,26,13334
mmClasicaOpenMP,500,7,27,13389
mmClasicaOpenMP,500,7,28,13808
mmClasicaOpenMP,500,7,29,13174
mmClasicaOpenMP,500,7,30,13118
mmClasicaPosix,1000,1,1,1069632
mmClasicaPosix,1000,1,2,1119691
mmClasicaPosix,1000,1,3,1113839
mmClasicaPosix,1000,1,4,1081371
mmClasicaPosix,1000,1,5,1122849
mmClasicaPosix,1000,1,6,1079484
mmClasicaPosix,1000,1,7,1120160
mmClasicaPosix,1000,1,8,1084032
mmClasicaPosix,1000,1,9,1077923
mmClasicaPosix,1000,1,10,1082727
mmClasicaPosix,1000,1,11,1095809
mmClasicaPosix,1000,1,12,1081884
mmClasicaPosix,1000,1,13,1084110
mmClasicaPosix,1000,1,14,1082372
mmClasicaPosix,1000,1,15,1099403
mmClasicaPosix,1000,1,16,1097234
mmClasicaPosix,1000,1,17,1103300
mmClasicaPosix,1000,1,18,1098710
mmClasicaPosix,1000,1,19,1112528
mmClasicaPosix,1000,1,20,1143278
mmClasicaPosix,1000,1,21,1106613
mmClasicaPosix,1000,1,22,1100003
mmClasicaPosix,1000,1,23,1104896
mmClasicaPosix,1000,1,24,1103904
mmClasicaPosix,1000,1,25,1108207
mmClasicaPosix,1000,1,26,1106076
mmClasicaPosix,1000,1,27,1106840
mmClasicaPosix,1000,1,28,1107500
mmClasicaPosix,1000,1,29,1106138
mmClasicaPosix,1000,1,30,1089784
mmClasicaPosix,1000,2,1,567500
mmClasicaPosix,1000,2,2,557365
mmClasicaPosix,1000,2,3,574628
mmClasicaPosix,1000,2,4,559545
mmClasicaPosix,1000,2,5,558984
mmClasicaPosix,1000,2,6,561995
mmClasicaPosix,1000,2,7,557522
mmClasicaPosix,1000,2,8,576714
mmClasicaPosix,1000,2,9,560011
mmClasicaPosix,1000,2,10,564117
mmClasicaPosix,1000,2,11,559044
mmClasicaPosix,1000,2,12,554853
mmClasicaPosix,1000,2,13,559773
mmClasicaPosix,1000,2,14,560186
mmClasicaPosix,1000,2,15,576199
mmClasicaPosix,1000,2,16,557952
mmClasicaPosix,1000,2,17,561342
mmClasicaPosix,1000,2,18,560037
mmClasicaPosix,1000,2,19,561594
mmClasicaPosix,1000,2,20,558601
mmClasicaPosix,1000,2,21,563068
mmClasicaPosix,1000,2,22,560797
mmClasicaPosix,1000,2,23,559852
mmClasicaPosix,1000,2,24,567052
mmClasicaPosix,1000,2,25,565466
mmClasicaPosix,1000,2,26,559981
mmClasicaPosix,1000,2,27,562136
mmClasicaPosix,1000,2,28,577011
mmClasicaPosix,1000,2,29,565431
mmClasicaPosix,1000,2,30,559767
mmClasicaPosix,1000,3,1,379904
mmClasicaPosix,1000,3,2,377303
mmClasicaPosix,1000,3,3,383133
mmClasicaPosix,1000,3,4,387062
mmClasicaPosix,1000,3,5,380468
mmClasicaPosix,1000,3,6,379920
mmClasicaPosix,1000,3,7,382471
mmClasicaPosix,1000,3,8,380405
mmClasicaPosix,1000,3,9,378854
mmClasicaPosix,1000,3,10,379835
mmClasicaPosix,1000,3,11,379976
mmClasicaPosix,1000,3,12,379212
mmClasicaPosix,1000,3,13,392307
mmClasicaPosix,1000,3,14,379167
mmClasicaPosix,1000,3,15,379969
mmClasicaPosix,1000,3,16,380153
mmClasicaPosix,1000,3,17,377522
mmClasicaPosix,1000,3,18,379702
mmClasicaPosix,1000,3,19,377540
mmClasicaPosix,1000,3,20,383018
mmClasicaPosix,1000,3,21,377078
mmClasicaPosix,1000,3,22,377057
mmClasicaPosix,1000,3,23,381240
mmClasicaPosix,1000,3,24,378954
mmClasicaPosix,1000,3,25,378902
mmClasicaPosix,1000,3,26,380971
mmClasicaPosix,1000,3,27,373836
mmClasicaPosix,1000,3,28,379374
mmClasicaPosix,1000,3,29,373405
mmClasicaPosix,1000,3,30,378807
mmClasicaPosix,1000,4,1,283368
mmClasicaPosix,1000,4,2,282277
mmClasicaPosix,1000,4,3,284586
mmClasicaPosix,1000,4,4,288046
mmClasicaPosix,1000,4,5,283621
mmClasicaPosix,1000,4,6,284436
mmClasicaPosix,1000,4,7,285432
mmClasicaPosix,1000,4,8,282754
mmClasicaPosix,1000,4,9,283816
mmClasicaPosix,1000,4,10,284355
mmClasicaPosix,1000,4,11,283570
mmClasicaPosix,1000,4,12,283652
mmClasicaPosix,1000,4,13,288507
mmClasicaPosix,1000,4,14,285730
mmClasicaPosix,1000,4,15,285917
mmClasicaPosix,1000,4,16,285523
mmClasicaPosix,1000,4,17,283933
mmClasicaPosix,1000,4,18,284936
mmClasicaPosix,1000,4,19,284169
mmClasicaPosix,1000,4,20,282199
mmClasicaPosix,1000,4,21,282427
mmClasicaPosix,1000,4,22,284866
mmClasicaPosix,1000,4,23,283786
mmClasicaPosix,1000,4,24,284482
mmClasicaPosix,1000,4,25,285199
mmClasicaPosix,1000,4,26,283327
mmClasicaPosix,1000,4,27,287002
mmClasicaPosix,1000,4,28,283550
mmClasicaPosix,1000,4,29,283256
mmClasicaPosix,1000,4,30,283936
mmClasicaPosix,1000,5,1,228178
mmClasicaPosix,1000,5,2,233834
mmClasicaPosix,1000,5,3,227388
mmClasicaPosix,1000,5,4,229404
mmClasicaPosix,1000,5,5,229050
mmClasicaPosix,1000,5,6,231399
mmClasicaPosix,1000,5,7,229422
mmClasicaPosix,1000,5,8,228414
mmClasicaPosix,1000,5,9,229515
mmClasicaPosix,1000,5,10,227076
mmClasicaPosix,1000,5,11,229533
mmClasicaPosix,1000,5,12,229917
mmClasicaPosix,1000,5,13,227513
mmClasicaPosix,1000,5,14,227013
mmClasicaPosix,1000,5,15,229433
mmClasicaPosix,1000,5,16,228031
mmClasicaPosix,1000,5,17,229838
mmClasicaPosix,1000,5,18,229348
mmClasicaPosix,1000,5,19,230755
mmClasicaPosix,1000,5,20,228768
mmClasicaPosix,1000,5,21,227968
mmClasicaPosix,1000,5,22,228744
mmClasicaPosix,1000,5,23,230200
mmClasicaPosix,1000,5,24,231323
mmClasicaPosix,1000,5,25,230122
mmClasicaPosix,1000,5,26,230802
mmClasicaPosix,1000,5,27,228058
mmClasicaPosix,1000,5,28,228799
mmClasicaPosix,1000,5,29,227449
mmClasicaPosix,1000,5,30,228512
mmClasicaPosix,1000,6,1,190788
mmClasicaPosix,1000,6,2,189379
mmClasicaPosix,1000,6,3,189329
mmClasicaPosix,1000,6,4,187799
mmClasicaPosix,1000,6,5,187053
mmClasicaPosix,1000,6,6,190117
mmClasicaPosix,1000,6,7,190166
mmClasicaPosix,1000,6,8,192351
mmClasicaPosix,1000,6,9,190513
mmClasicaPosix,1000,6,10,191117
mmClasicaPosix,1000,6,11,188867
mmClasicaPosix,1000,6,12,192538
mmClasicaPosix,1000,6,13,189822
mmClasicaPosix,1000,6,14,191110
mmClasicaPosix,1000,6,15,189505
mmClasicaPosix,1000,6,16,188733
mmClasicaPosix,1000,6,17,189082
mmClasicaPosix,1000,6,18,189531
mmClasicaPosix,1000,6,19,189570
mmClasicaPosix,1000,6,20,189996
mmClasicaPosix,1000,6,21,191537
mmClasicaPosix,1000,6,22,189610
mmClasicaPosix,1000,6,23,193982
mmClasicaPosix,1000,6,24,189419
mmClasicaPosix,1000,6,25,193813
mmClasicaPosix,1000,6,26,192304
mmClasicaPosix,1000,6,27,189470
mmClasicaPosix,1000,6,28,190241
mmClasicaPosix,1000,6,29,189877
mmClasicaPosix,1000,6,30,197309
mmClasicaPosix,1000,7,1,161955
mmClasicaPosix,1000,7,2,163988
mmClasicaPosix,1000,7,3,163582
mmClasicaPosix,1000,7,4,161493
mmClasicaPosix,1000,7,5,163919
mmClasicaPosix,1000,7,6,165336
mmClasicaPosix,1000,7,7,162890
mmClasicaPosix,1000,7,8,162513
mmClasicaPosix,1000,7,9,162211
mmClasicaPosix,1000,7,10,161273
mmClasicaPosix,1000,7,11,164582
mmClasicaPosix,1000,7,12,161861
mmClasicaPosix,1000,7,13,166246
mmClasicaPosix,1000,7,14,163092
mmClasicaPosix,1000,7,15,162119
mmClasicaPosix,1000,7,16,163758
mmClasicaPosix,1000,7,17,162078
mmClasicaPosix,1000,7,18,163961
mmClasicaPosix,1000,7,19,164673
mmClasicaPosix,1000,7,20,163126
mmClasicaPosix,1000,7,21,162158
mmClasicaPosix,1000,7,22,162001
mmClasicaPosix,1000,7,23,164847
mmClasicaPosix,1000,7,24,165459
mmClasicaPosix,1000,7,25,165418
mmClasicaPosix,1000,7,26,162556
mmClasicaPosix,1000,7,27,162174
mmClasicaPosix,1000,7,28,166824
mmClasicaPosix,1000,7,29,166597
mmClasicaPosix,1000,7,30,160928
mmClasicaPosix,1500,1,1,4510650
mmClasicaPosix,1500,1,2,4507746
mmClasicaPosix,1500,1,3,4519619
mmClasicaPosix,1500,1,4,4550863
mmClasicaPosix,1500,1,5,4549558
mmClasicaPosix,1500,1,6,4535732
mmClasicaPosix,1500,1,7,4535845
mmClasicaPosix,1500,1,8,4545548
mmClasicaPosix,1500,1,9,4541520
mmClasicaPosix,1500,1,10,4529608
mmClasicaPosix,1500,1,11,4530615
mmClasicaPosix,1500,1,12,4515718
mmClasicaPosix,1500,1,13,4521011
mmClasicaPosix,1500,1,14,4524128
mmClasicaPosix,1500,1,15,4524846
mmClasicaPosix,1500,1,16,4528438
mmClasicaPosix,1500,1,17,4523198
mmClasicaPosix,1500,1,18,4538648
mmClasicaPosix,1500,1,19,4495900
mmClasicaPosix,1500,1,20,4491483
mmClasicaPosix,1500,1,21,4487993
mmClasicaPosix,1500,1,22,4486084
mmClasicaPosix,1500,1,23,4571254
mmClasicaPosix,1500,1,24,4510648
mmClasicaPosix,1500,1,25,4475949
mmClasicaPosix,1500,1,26,4492778
mmClasicaPosix,1500,1,27,4492736
mmClasicaPosix,1500,1,28,4481028
mmClasicaPosix,1500,1,29,4479915
mmClasicaPosix,1500,1,30,4498978
mmClasicaPosix,1500,2,1,2317088
mmClasicaPosix,1500,2,2,2305966
mmClasicaPosix,1500,2,3,2315497
mmClasicaPosix,1500,2,4,2322768
mmClasicaPosix,1500,2,5,2323468
mmClasicaPosix,1500,2,6,2320226
mmClasicaPosix,1500,2,7,2325185
mmClasicaPosix,1500,2,8,2317453
mmClasicaPosix,1500,2,9,2313915
mmClasicaPosix,1500,2,10,2320565
mmClasicaPosix,1500,2,11,2313785
mmClasicaPosix,1500,2,12,2303514
mmClasicaPosix,1500,2,13,2309179
mmClasicaPosix,1500,2,14,2303846
mmClasicaPosix,1500,2,15,2305188
mmClasicaPosix,1500,2,16,2304462
mmClasicaPosix,1500,2,17,2306219
mmClasicaPosix,1500,2,18,2301376
mmClasicaPosix,1500,2,19,2313917
mmClasicaPosix,1500,2,20,2320730
mmClasicaPosix,1500,2,21,2322515
mmClasicaPosix,1500,2,22,2334195
mmClasicaPosix,1500,2,23,2323622
mmClasicaPosix,1500,2,24,2320569
mmClasicaPosix,1500,2,25,2318328
mmClasicaPosix,1500,2,26,2320238
mmClasicaPosix,1500,2,27,2310065
mmClasicaPosix,1500,2,28,2310250
mmClasicaPosix,1500,2,29,2294289
mmClasicaPosix,1500,2,30,2320389
mmClasicaPosix,1500,3,1,1557192
mmClasicaPosix,1500,3,2,1555006
mmClasicaPosix,1500,3,3,1560042
mmClasicaPosix,1500,3,4,1555339
mmClasicaPosix,1500,3,5,1557033
mmClasicaPosix,1500,3,6,1557852
mmClasicaPosix,1500,3,7,1557258
mmClasicaPosix,1500,3,8,1565499
mmClasicaPosix,1500,3,9,1566707
mmClasicaPosix,1500,3,10,1559050
mmClasicaPosix,1500,3,11,1562782
mmClasicaPosix,1500,3,12,1567281
mmClasicaPosix,1500,3,13,1556885
mmClasicaPosix,1500,3,14,1560591
mmClasicaPosix,1500,3,15,1568866
mmClasicaPosix,1500,3,16,1581468
mmClasicaPosix,1500,3,17,1562878
mmClasicaPosix,1500,3,18,1556141
mmClasicaPosix,1500,3,19,1559475
mmClasicaPosix,1500,3,20,1558843
mmClasicaPosix,1500,3,21,1564174
mmClasicaPosix,1500,3,22,1559699
mmClasicaPosix,1500,3,23,1547135
mmClasicaPosix,1500,3,24,1563740
mmClasicaPosix,1500,3,25,1550282
mmClasicaPosix,1500,3,26,1564643
mmClasicaPosix,1500,3,27,1560756
mmClasicaPosix,1500,3,28,1561653
mmClasicaPosix,1500,3,29,1555528
mmClasicaPosix,1500,3,30,1552544
mmClasicaPosix,1500,4,1,1173564
mmClasicaPosix,1500,4,2,1177038
mmClasicaPosix,1500,4,3,1176031
mmClasicaPosix,1500,4,4,1173287
mmClasicaPosix,1500,4,5,1173996
mmClasicaPosix,1500,4,6,1175665
mmClasicaPosix,1500,4,7,1172354
mmClasicaPosix,1500,4,8,1173432
mmClasicaPosix,1500,4,9,1177203
mmClasicaPosix,1500,4,10,1170362
mmClasicaPosix,1500,4,11,1178776
mmClasicaPosix,1500,4,12,1174630
mmClasicaPosix,1500,4,13,1174101
mmClasicaPosix,1500,4,14,1172923
mmClasicaPosix,1500,4,15,1174305
mmClasicaPosix,1500,4,16,1171553
mmClasicaPosix,1500,4,17,1174453
mmClasicaPosix,1500,4,18,1180404
mmClasicaPosix,1500,4,19,1177202
mmClasicaPosix,1500,4,20,1167278
mmClasicaPosix,1500,4,21,1178749
mmClasicaPosix,1500,4,22,1175230
mmClasicaPosix,1500,4,23,1182255
mmClasicaPosix,1500,4,24,1186227
mmClasicaPosix,1500,4,25,1176688
mmClasicaPosix,1500,4,26,1176444
mmClasicaPosix,1500,4,27,1172329
mmClasicaPosix,1500,4,28,1175971
mmClasicaPosix,1500,4,29,1175635
mmClasicaPosix,1500,4,30,1179984
mmClasicaPosix,1500,5,1,947145
mmClasicaPosix,1500,5,2,948864
mmClasicaPosix,1500,5,3,941146
mmClasicaPosix,1500,5,4,941994
mmClasicaPosix,1500,5,5,942338
mmClasicaPosix,1500,5,6,945802
mmClasicaPosix,1500,5,7,936561
mmClasicaPosix,1500,5,8,939329
mmClasicaPosix,1500,5,9,945081
mmClasicaPosix,1500,5,10,940964
mmClasicaPosix,1500,5,11,950031
mmClasicaPosix,1500,5,12,947407
mmClasicaPosix,1500,5,13,938611
mmClasicaPosix,1500,5,14,947167
mmClasicaPosix,1500,5,15,938112
mmClasicaPosix,1500,5,16,952000
mmClasicaPosix,1500,5,17,949887
mmClasicaPosix,1500,5,18,948489
mmClasicaPosix,1500,5,19,950709
mmClasicaPosix,1500,5,20,948459
mmClasicaPosix,1500,5,21,943396
mmClasicaPosix,1500,5,22,941501
mmClasicaPosix,1500,5,23,951684
mmClasicaPosix,1500,5,24,951770
mmClasicaPosix,1500,5,25,945518
mmClasicaPosix,1500,5,26,945095
mmClasicaPosix,1500,5,27,946426
mmClasicaPosix,1500,5,28,947784
mmClasicaPosix,1500,5,29,945446
mmClasicaPosix,1500,5,30,943964
mmClasicaPosix,1500,6,1,788541
mmClasicaPosix,1500,6,2,785149
mmClasicaPosix,1500,6,3,786329
mmClasicaPosix,1500,6,4,792120
mmClasicaPosix,1500,6,5,790980
mmClasicaPosix,1500,6,6,785614
mmClasicaPosix,1500,6,7,786160
mmClasicaPosix,1500,6,8,790313
mmClasicaPosix,1500,6,9,785930
mmClasicaPosix,1500,6,10,780802
mmClasicaPosix,1500,6,11,785493
mmClasicaPosix,1500,6,12,782156
mmClasicaPosix,1500,6,13,784416
mmClasicaPosix,1500,6,14,787947
mmClasicaPosix,1500,6,15,786694
mmClasicaPosix,1500,6,16,788830
mmClasicaPosix,1500,6,17,784984
mmClasicaPosix,1500,6,18,786217
mmClasicaPosix,1500,6,19,787075
mmClasicaPosix,1500,6,20,786928
mmClasicaPosix,1500,6,21,783080
mmClasicaPosix,1500,6,22,793652
mmClasicaPosix,1500,6,23,783450
mmClasicaPosix,1500,6,24,786583
mmClasicaPosix,1500,6,25,785120
mmClasicaPosix,1500,6,26,786088
mmClasicaPosix,1500,6,27,788245
mmClasicaPosix,1500,6,28,789776
mmClasicaPosix,1500,6,29,782562
mmClasicaPosix,1500,6,30,787402
mmClasicaPosix,1500,7,1,674743
mmClasicaPosix,1500,7,2,676536
mmClasicaPosix,1500,7,3,673662
mmClasicaPosix,1500,7,4,678638
mmClasicaPosix,1500,7,5,678177
mmClasicaPosix,1500,7,6,677970
mmClasicaPosix,1500,7,7,676524
mmClasicaPosix,1500,7,8,674793
mmClasicaPosix,1500,7,9,674420
mmClasicaPosix,1500,7,10,674187
mmClasicaPosix,1500,7,11,679502
mmClasicaPosix,1500,7,12,676706
mmClasicaPosix,1500,7,13,676866
mmClasicaPosix,1500,7,14,668091
mmClasicaPosix,1500,7,15,673024
mmClasicaPosix,1500,7,16,674973
mmClasicaPosix,1500,7,17,679940
mmClasicaPosix,1500,7,18,673326
mmClasicaPosix,1500,7,19,675106
mmClasicaPosix,1500,7,20,672786
mmClasicaPosix,1500,7,21,674035
mmClasicaPosix,1500,7,22,671590
mmClasicaPosix,1500,7,23,672885
mmClasicaPosix,1500,7,24,673932
mmClasicaPosix,1500,7,25,691848
mmClasicaPosix,1500,7,26,670144
mmClasicaPosix,1500,7,27,678374
mmClasicaPosix,1500,7,28,672319
mmClasicaPosix,1500,7,29,674047
mmClasicaPosix,1500,7,30,679281
mmClasicaPosix,2000,1,1,16945987
mmClasicaPosix,2000,1,2,16546933
mmClasicaPosix,2000,1,3,16988873
mmClasicaPosix,2000,1,4,16588437
mmClasicaPosix,2000,1,5,16762187
mmClasicaPosix,2000,1,6,16745806
mmClasicaPosix,2000,1,7,16430272
mmClasicaPosix,2000,1,8,16367543
mmClasicaPosix,2000,1,9,16515413
mmClasicaPosix,2000,1,10,16432245
mmClasicaPosix,2000,1,11,16331578
mmClasicaPosix,2000,1,12,16238518
mmClasicaPosix,2000,1,13,16760505
mmClasicaPosix,2000,1,14,17236292
mmClasicaPosix,2000,1,15,16999193
mmClasicaPosix,2000,1,16,16465307
mmClasicaPosix,2000,1,17,16595626
mmClasicaPosix,2000,1,18,16456331
mmClasicaPosix,2000,1,19,16543984
mmClasicaPosix,2000,1,20,16631024
mmClasicaPosix,2000,1,21,16509194
mmClasicaPosix,2000,1,22,16096222
mmClasicaPosix,2000,1,23,16496111
mmClasicaPosix,2000,1,24,16631174
mmClasicaPosix,2000,1,25,16596805
mmClasicaPosix,2000,1,26,16383401
mmClasicaPosix,2000,1,27,16592140
mmClasicaPosix,2000,1,28,16411284
mmClasicaPosix,2000,1,29,16422060
mmClasicaPosix,2000,1,30,16372939
mmClasicaPosix,2000,2,1,8601309
mmClasicaPosix,2000,2,2,8891542
mmClasicaPosix,2000,2,3,8539855
mmClasicaPosix,2000,2,4,8641337
mmClasicaPosix,2000,2,5,8673300
mmClasicaPosix,2000,2,6,8815913
mmClasicaPosix,2000,2,7,8588415
mmClasicaPosix,2000,2,8,8564556
mmClasicaPosix,2000,2,9,8561367
mmClasicaPosix,2000,2,10,8516609
mmClasicaPosix,2000,2,11,8530178
mmClasicaPosix,2000,2,12,8282345
mmClasicaPosix,2000,2,13,8596458
mmClasicaPosix,2000,2,14,8662152
mmClasicaPosix,2000,2,15,8606392
mmClasicaPosix,2000,2,16,8525676
mmClasicaPosix,2000,2,17,8423602
mmClasicaPosix,2000,2,18,8520188
mmClasicaPosix,2000,2,19,8460719
mmClasicaPosix,2000,2,20,8923807
mmClasicaPosix,2000,2,21,8988731
mmClasicaPosix,2000,2,22,8795101
mmClasicaPosix,2000,2,23,8560568
mmClasicaPosix,2000,2,24,8577112
mmClasicaPosix,2000,2,25,8512425
mmClasicaPosix,2000,2,26,8453255
mmClasicaPosix,2000,2,27,8695600
mmClasicaPosix,2000,2,28,8751566
mmClasicaPosix,2000,2,29,8522096
mmClasicaPosix,2000,2,30,8535088
mmClasicaPosix,2000,3,1,5764278
mmClasicaPosix,2000,3,2,5848576
mmClasicaPosix,2000,3,3,5789203
mmClasicaPosix,2000,3,4,5865635
mmClasicaPosix,2000,3,5,5965452
mmClasicaPosix,2000,3,6,5831834
mmClasicaPosix,2000,3,7,5778272
mmClasicaPosix,2000,3,8,5878474
mmClasicaPosix,2000,3,9,5770264
mmClasicaPosix,2000,3,10,6001677
mmClasicaPosix,2000,3,11,5914352
mmClasicaPosix,2000,3,12,5817142
mmClasicaPosix,2000,3,13,5773686
mmClasicaPosix,2000,3,14,5721198
mmClasicaPosix,2000,3,15,5835720
mmClasicaPosix,2000,3,16,5940597
mmClasicaPosix,2000,3,17,5756522
mmClasicaPosix,2000,3,18,5766280
mmClasicaPosix,2000,3,19,5665825
mmClasicaPosix,2000,3,20,5716094
mmClasicaPosix,2000,3,21,5766737
mmClasicaPosix,2000,3,22,5796282
mmClasicaPosix,2000,3,23,5748758
mmClasicaPosix,2000,3,24,5996075
mmClasicaPosix,2000,3,25,5774235
mmClasicaPosix,2000,3,26,5781017
mmClasicaPosix,2000,3,27,5807570
mmClasicaPosix,2000,3,28,5729690
mmClasicaPosix,2000,3,29,5656258
mmClasicaPosix,2000,3,30,5737235
mmClasicaPosix,2000,4,1,4249436
mmClasicaPosix,2000,4,2,4324978
mmClasicaPosix,2000,4,3,4365382
mmClasicaPosix,2000,4,4,4363317
mmClasicaPosix,2000,4,5,4368188
mmClasicaPosix,2000,4,6,4337069
mmClasicaPosix,2000,4,7,4525099
mmClasicaPosix,2000,4,8,4539100
mmClasicaPosix,2000,4,9,4509892
mmClasicaPosix,2000,4,10,4527639
mmClasicaPosix,2000,4,11,4292935
mmClasicaPosix,2000,4,12,4228796
mmClasicaPosix,2000,4,13,4275262
mmClasicaPosix,2000,4,14,4320219
mmClasicaPosix,2000,4,15,4385312
mmClasicaPosix,2000,4,16,4367662
mmClasicaPosix,2000,4,17,4516532
mmClasicaPosix,2000,4,18,4484966
mmClasicaPosix,2000,4,19,4421498
mmClasicaPosix,2000,4,20,4417699
mmClasicaPosix,2000,4,21,4402776
mmClasicaPosix,2000,4,22,4346851
mmClasicaPosix,2000,4,23,4372490
mmClasicaPosix,2000,4,24,4465959
mmClasicaPosix,2000,4,25,4415380
mmClasicaPosix,2000,4,26,4394838
mmClasicaPosix,2000,4,27,4536825
mmClasicaPosix,2000,4,28,4502861
mmClasicaPosix,2000,4,29,4372851
mmClasicaPosix,2000,4,30,4366135
mmClasicaPosix,2000,5,1,3548019
mmClasicaPosix,2000,5,2,3570578
mmClasicaPosix,2000,5,3,3607179
mmClasicaPosix,2000,5,4,3552900
mmClasicaPosix,2000,5,5,3564852
mmClasicaPosix,2000,5,6,3552182
mmClasicaPosix,2000,5,7,3517408
mmClasicaPosix,2000,5,8,3425403
mmClasicaPosix,2000,5,9,3472907
mmClasicaPosix,2000,5,10,3496550
mmClasicaPosix,2000,5,11,3540145
mmClasicaPosix,2000,5,12,3579723
mmClasicaPosix,2000,5,13,3522124
mmClasicaPosix,2000,5,14,3463198
mmClasicaPosix,2000,5,15,3545092
mmClasicaPosix,2000,5,16,3565966
mmClasicaPosix,2000,5,17,3604046
mmClasicaPosix,2000,5,18,3480491
mmClasicaPosix,2000,5,19,3456439
mmClasicaPosix,2000,5,20,3502422
mmClasicaPosix,2000,5,21,3478527
mmClasicaPosix,2000,5,22,3509146
mmClasicaPosix,2000,5,23,3497577
mmClasicaPosix,2000,5,24,3560471
mmClasicaPosix,2000,5,25,3591793
mmClasicaPosix,2000,5,26,3568652
mmClasicaPosix,2000,5,27,3538404
mmClasicaPosix,2000,5,28,3510259
mmClasicaPosix,2000,5,29,3510142
mmClasicaPosix,2000,5,30,3581646
mmClasicaPosix,2000,6,1,2977818
mmClasicaPosix,2000,6,2,3012753
mmClasicaPosix,2000,6,3,2958396
mmClasicaPosix,2000,6,4,2934054
mmClasicaPosix,2000,6,5,2977512
mmClasicaPosix,2000,6,6,2930047
mmClasicaPosix,2000,6,7,2918257
mmClasicaPosix,2000,6,8,2932084
mmClasicaPosix,2000,6,9,2910657
mmClasicaPosix,2000,6,10,2958189
mmClasicaPosix,2000,6,11,2936747
mmClasicaPosix,2000,6,12,2928437
mmClasicaPosix,2000,6,13,2932802
mmClasicaPosix,2000,6,14,2896050
mmClasicaPosix,2000,6,15,2912474
mmClasicaPosix,2000,6,16,2921650
mmClasicaPosix,2000,6,17,2923320
mmClasicaPosix,2000,6,18,2918945
mmClasicaPosix,2000,6,19,2938340
mmClasicaPosix,2000,6,20,2950721
mmClasicaPosix,2000,6,21,2960519
mmClasicaPosix,2000,6,22,2993790
mmClasicaPosix,2000,6,23,2979833
mmClasicaPosix,2000,6,24,2973238
mmClasicaPosix,2000,6,25,2977707
mmClasicaPosix,2000,6,26,2952936
mmClasicaPosix,2000,6,27,2950473
mmClasicaPosix,2000,6,28,2987353
mmClasicaPosix,2000,6,29,2981653
mmClasicaPosix,2000,6,30,2981897
mmClasicaPosix,2000,7,1,2569281
mmClasicaPosix,2000,7,2,2551212
mmClasicaPosix,2000,7,3,2497065
mmClasicaPosix,2000,7,4,2538621
mmClasicaPosix,2000,7,5,2509825
mmClasicaPosix,2000,7,6,2486861
mmClasicaPosix,2000,7,7,2520860
mmClasicaPosix,2000,7,8,2536478
mmClasicaPosix,2000,7,9,2575360
mmClasicaPosix,2000,7,10,2643192
mmClasicaPosix,2000,7,11,2602884
mmClasicaPosix,2000,7,12,2577814
mmClasicaPosix,2000,7,13,2594828
mmClasicaPosix,2000,7,14,2597798
mmClasicaPosix,2000,7,15,2615954
mmClasicaPosix,2000,7,16,2599680
mmClasicaPosix,2000,7,17,2611390
mmClasicaPosix,2000,7,18,2629781
mmClasicaPosix,2000,7,19,2586959
mmClasicaPosix,2000,7,20,2642319
mmClasicaPosix,2000,7,21,2605670
mmClasicaPosix,2000,7,22,2637525
mmClasicaPosix,2000,7,23,2643750
mmClasicaPosix,2000,7,24,2610462
mmClasicaPosix,2000,7,25,2588311
mmClasicaPosix,2000,7,26,2600865
mmClasicaPosix,2000,7,27,2574225
mmClasicaPosix,2000,7,28,2581310
mmClasicaPosix,2000,7,29,2594223
mmClasicaPosix,2000,7,30,2615222
mmClasicaPosix,500,1,1,124042
mmClasicaPosix,500,1,2,120847
mmClasicaPosix,500,1,3,120881
mmClasicaPosix,500,1,4,121366
mmClasicaPosix,500,1,5,119273
mmClasicaPosix,500,1,6,122030
mmClasicaPosix,500,1,7,121545
mmClasicaPosix,500,1,8,119012
mmClasicaPosix,500,1,9,120525
mmClasicaPosix,500,1,10,117934
mmClasicaPosix,500,1,11,117811
mmClasicaPosix,500,1,12,120688
mmClasicaPosix,500,1,13,120034
mmClasicaPosix,500,1,14,121274
mmClasicaPosix,500,1,15,120698
mmClasicaPosix,500,1,16,117862
mmClasicaPosix,500,1,17,120250
mmClasicaPosix,500,1,18,121577
mmClasicaPosix,500,1,19,118228
mmClasicaPosix,500,1,20,119425
mmClasicaPosix,500,1,21,118527
mmClasicaPosix,500,1,22,121068
mmClasicaPosix,500,1,23,121281
mmClasicaPosix,500,1,24,120701
mmClasicaPosix,500,1,25,119339
mmClasicaPosix,500,1,26,118569
mmClasicaPosix,500,1,27,118191
mmClasicaPosix,500,1,28,121415
mmClasicaPosix,500,1,29,121640
mmClasicaPosix,500,1,30,120496
mmClasicaPosix,500,2,1,61791
mmClasicaPosix,500,2,2,61300
mmClasicaPosix,500,2,3,62416
mmClasicaPosix,500,2,4,62131
mmClasicaPosix,500,2,5,61401
mmClasicaPosix,500,2,6,62010
mmClasicaPosix,500,2,7,61848
mmClasicaPosix,500,2,8,62117
mmClasicaPosix,500,2,9,61670
mmClasicaPosix,500,2,10,64489
mmClasicaPosix,500,2,11,62209
mmClasicaPosix,500,2,12,62832
mmClasicaPosix,500,2,13,62069
mmClasicaPosix,500,2,14,62558
mmClasicaPosix,500,2,15,62056
mmClasicaPosix,500,2,16,61758
mmClasicaPosix,500,2,17,61759
mmClasicaPosix,500,2,18,63069
mmClasicaPosix,500,2,19,61950
mmClasicaPosix,500,2,20,61766
mmClasicaPosix,500,2,21,61507
mmClasicaPosix,500,2,22,63821
mmClasicaPosix,500,2,23,62597
mmClasicaPosix,500,2,24,61607
mmClasicaPosix,500,2,25,62257
mmClasicaPosix,500,2,26,61521
mmClasicaPosix,500,2,27,62201
mmClasicaPosix,500,2,28,61656
mmClasicaPosix,500,2,29,61697
mmClasicaPosix,500,2,30,62361
mmClasicaPosix,500,3,1,42932
mmClasicaPosix,500,3,2,42308
mmClasicaPosix,500,3,3,42099
mmClasicaPosix,500,3,4,42626
mmClasicaPosix,500,3,5,42724
mmClasicaPosix,500,3,6,42073
mmClasicaPosix,500,3,7,43002
mmClasicaPosix,500,3,8,42918
mmClasicaPosix,500,3,9,42715
mmClasicaPosix,500,3,10,42721
mmClasicaPosix,500,3,11,42775
mmClasicaPosix,500,3,12,42365
mmClasicaPosix,500,3,13,42114
mmClasicaPosix,500,3,14,41941
mmClasicaPosix,500,3,15,41154
mmClasicaPosix,500,3,16,42155
mmClasicaPosix,500,3,17,41524
mmClasicaPosix,500,3,18,43222
mmClasicaPosix,500,3,19,42531
mmClasicaPosix,500,3,20,42664
mmClasicaPosix,500,3,21,41989
mmClasicaPosix,500,3,22,42225
mmClasicaPosix,500,3,23,42404
mmClasicaPosix,500,3,24,42662
mmClasicaPosix,500,3,25,42426
mmClasicaPosix,500,3,26,42476
mmClasicaPosix,500,3,27,42056
mmClasicaPosix,500,3,28,42155
mmClasicaPosix,500,3,29,42017
mmClasicaPosix,500,3,30,41989
mmClasicaPosix,500,4,1,32911
mmClasicaPosix,500,4,2,32263
mmClasicaPosix,500,4,3,31937
mmClasicaPosix,500,4,4,32545
mmClasicaPosix,500,4,5,32276
mmClasicaPosix,500,4,6,32146
mmClasicaPosix,500,4,7,31853
mmClasicaPosix,500,4,8,31704
mmClasicaPosix,500,4,9,31699
mmClasicaPosix,500,4,10,33095
mmClasicaPosix,500,4,11,32297
mmClasicaPosix,500,4,12,32754
mmClasicaPosix,500,4,13,32870
mmClasicaPosix,500,4,14,32184
mmClasicaPosix,500,4,15,31924
mmClasicaPosix,500,4,16,32897
mmClasicaPosix,500,4,17,32687
mmClasicaPosix,500,4,18,32954
mmClasicaPosix,500,4,19,32859
mmClasicaPosix,500,4,20,31780
mmClasicaPosix,500,4,21,32426
mmClasicaPosix,500,4,22,32314
mmClasicaPosix,500,4,23,32482
mmClasicaPosix,500,4,24,32663
mmClasicaPosix,500,4,25,32492
mmClasicaPosix,500,4,26,31797
mmClasicaPosix,500,4,27,32626
mmClasicaPosix,500,4,28,32236
mmClasicaPosix,500,4,29,32366
mmClasicaPosix,500,4,30,32439
mmClasicaPosix,500,5,1,25567
mmClasicaPosix,500,5,2,25388
mmClasicaPosix,500,5,3,25470
mmClasicaPosix,500,5,4,25448
mmClasicaPosix,500,5,5,25357
mmClasicaPosix,500,5,6,25619
mmClasicaPosix,500,5,7,25481
mmClasicaPosix,500,5,8,27618
mmClasicaPosix,500,5,9,26200
mmClasicaPosix,500,5,10,25522
mmClasicaPosix,500,5,11,25469
mmClasicaPosix,500,5,12,25548
mmClasicaPosix,500,5,13,25505
mmClasicaPosix,500,5,14,25760
mmClasicaPosix,500,5,15,25416
mmClasicaPosix,500,5,16,25489
mmClasicaPosix,500,5,17,25462
mmClasicaPosix,500,5,18,25693
mmClasicaPosix,500,5,19,25537
mmClasicaPosix,500,5,20,25398
mmClasicaPosix,500,5,21,25422
mmClasicaPosix,500,5,22,25363
mmClasicaPosix,500,5,23,25816
mmClasicaPosix,500,5,24,25492
mmClasicaPosix,500,5,25,25550
mmClasicaPosix,500,5,26,25312
mmClasicaPosix,500,5,27,25524
mmClasicaPosix,500,5,28,25646
mmClasicaPosix,500,5,29,25621
mmClasicaPosix,500,5,30,25505
mmClasicaPosix,500,6,1,21543
mmClasicaPosix,500,6,2,21190
mmClasicaPosix,500,6,3,21111
mmClasicaPosix,500,6,4,21168
mmClasicaPosix,500,6,5,21181
mmClasicaPosix,500,6,6,21255
mmClasicaPosix,500,6,7,21056
mmClasicaPosix,500,6,8,22007
mmClasicaPosix,500,6,9,20998
mmClasicaPosix,500,6,10,21130
mmClasicaPosix,500,6,11,21203
mmClasicaPosix,500,6,12,22518
mmClasicaPosix,500,6,13,21034
mmClasicaPosix,500,6,14,21081
mmClasicaPosix,500,6,15,21047
mmClasicaPosix,500,6,16,21157
mmClasicaPosix,500,6,17,21026
mmClasicaPosix,500,6,18,21345
mmClasicaPosix,500,6,19,21543
mmClasicaPosix,500,6,20,21477
mmClasicaPosix,500,6,21,21440
mmClasicaPosix,500,6,22,21418
mmClasicaPosix,500,6,23,21705
mmClasicaPosix,500,6,24,21771
mmClasicaPosix,500,6,25,21088
mmClasicaPosix,500,6,26,21044
mmClasicaPosix,500,6,27,21168
mmClasicaPosix,500,6,28,21655
mmClasicaPosix,500,6,29,21178
mmClasicaPosix,500,6,30,21031
mmClasicaPosix,500,7,1,18130
mmClasicaPosix,500,7,2,18266
mmClasicaPosix,500,7,3,18161
mmClasicaPosix,500,7,4,18159
mmClasicaPosix,500,7,5,18085
mmClasicaPosix,500,7,6,18500
mmClasicaPosix,500,7,7,18189
mmClasicaPosix,500,7,8,18750
mmClasicaPosix,500,7,9,18210
mmClasicaPosix,500,7,10,18209
mmClasicaPosix,500,7,11,18319
mmClasicaPosix,500,7,12,19005
mmClasicaPosix,500,7,13,19051
mmClasicaPosix,500,7,14,18260
mmClasicaPosix,500,7,15,18293
mmClasicaPosix,500,7,16,19390
mmClasicaPosix,500,7,17,18360
mmClasicaPosix,500,7,18,18285
mmClasicaPosix,500,7,19,18253
mmClasicaPosix,500,7,20,18213
mmClasicaPosix,500,7,21,18176
mmClasicaPosix,500,7,22,18577
mmClasicaPosix,500,7,23,18351
mmClasicaPosix,500,7,24,18531
mmClasicaPosix,500,7,25,18603
mmClasicaPosix,500,7,26,18703
mmClasicaPosix,500,7,27,18147
mmClasicaPosix,500,7,28,18036
mmClasicaPosix,500,7,29,18024
mmClasicaPosix,500,7,30,18051
